USER,BASIN,PRIORITY,WATER_RIGHT_TYPE,RIPARIAN,NULL_DEMAND,MAY_SEPT_ZERO_DEMAND,2021-05,2021-06,2021-07,2021-08,2021-09,2021-11
S000652,L_14,10000000,Statement of Div and Use,Y,N,N,0.000006,0.000012,0.000012,0.000012,0.000012,0.00099
S016892,L_14,10000000,Statement of Div and Use,Y,N,Y,0.00099,0.00099,0.00099,0.00099,0.00099,0.009206667
S018142,L_14,10000000,Statement of Div and Use,Y,N,Y,0.00099,0.00099,0.00099,0.00099,0.00099,2.1
S018205,L_14,10000000,Statement of Div and Use,Y,N,Y,0.00099,0.00099,0.00099,0.00099,0.00099,3.743333333
S022309,L_14,10000000,Statement of Div and Use,Y,N,Y,0.00099,0.00099,0.00099,0.00099,0.00099,3.47
S022310,L_14,10000000,Statement of Div and Use,Y,N,Y,0.00099,0.00099,0.00099,0.00099,0.00099,0.00099
S026695,L_14,10000000,Statement of Div and Use,Y,N,Y,0.00099,0.00099,0.00099,0.00099,0.00099,0.00099
S016628,L_14,10000000,Statement of Div and Use,Y,N,N,0.041573333,0.014699667,0.020183,0.020224,0.014914667,0.00099
S021353,L_14_MSDC,10000000,Statement of Div and Use,Y,N,Y,0.00099,0.00099,0.00099,0.00099,0.00099,0.00099
S014059,L_14_MSDC,10000000,Statement of Div and Use,Y,N,N,0.1,0.833333333,2.033333333,2.266666667,0.533333333,0.00099
S018160,L_14_MSDC,10000000,Statement of Div and Use,Y,N,N,0.7,1.133333333,1.366666667,1.233333333,1.166666667,0.00099
S004347,L_14_MSDC,10000000,Statement of Div and Use,Y,N,N,0.593333333,1.693333333,1.993333333,2.303333333,2.47,0.2
S016687,L_14_MSDC,10000000,Statement of Div and Use,Y,N,N,0.37,2.35,3.77,4.523333333,3.72,0.9
S018157,L_14_MSDC,10000000,Statement of Div and Use,Y,N,N,2.066666667,4.233333333,8.3,9.066666667,6.933333333,0.00099
S019926,L_15,10000000,Statement of Div and Use,Y,N,Y,0.00099,0.00099,0.00099,0.00099,0.00099,5.2
S022287,L_15_MSDC,10000000,Statement of Div and Use,Y,Y,Y,0.000099,0.000099,0.00099,0.00099,0.00099,0.00099
S008664,L_15_MSDC,10000000,Statement of Div and Use,Y,N,Y,0.00099,0.00099,0.00099,0.00099,0.00099,0.00099
S019027,L_15_MSDC,10000000,Statement of Div and Use,Y,N,Y,0.00099,0.00099,0.00099,0.00099,0.00099,0.00099
S019045,L_15_MSDC,10000000,Statement of Div and Use,Y,N,Y,0.00099,0.00099,0.00099,0.00099,0.00099,0.00099
S020596,L_15_MSDC,10000000,Statement of Div and Use,Y,N,Y,0.00099,0.00099,0.00099,0.00099,0.00099,0.00099
S021990,L_15_MSDC,10000000,Statement of Div and Use,Y,N,Y,0.00099,0.00099,0.00099,0.00099,0.00099,0.00099
S021991,L_15_MSDC,10000000,Statement of Div and Use,Y,N,Y,0.00099,0.00099,0.00099,0.00099,0.00099,0.00099
S022859,L_15_MSDC,10000000,Statement of Div and Use,Y,N,Y,0.00099,0.00099,0.00099,0.00099,0.00099,0.032274333
S008661,L_15_MSDC,10000000,Statement of Div and Use,Y,N,N,0.00099,0.00099,0.087666667,0.087666667,0.00099,0.299488667
S016059,L_15_MSDC,10000000,Statement of Div and Use,Y,N,N,0.00099,0.00099,0.00099,0.00099,0.018,0.00099
S015823,L_15_MSDC,10000000,Statement of Div and Use,Y,N,N,0.025,0.065,0.065,0.075,0.055,0.000101333
S018138,L_15_MSDC,10000000,Statement of Div and Use,Y,N,N,0.00099,0.00099,0.513333333,0.856666667,0.18,0.06
S018141,L_15_MSDC,10000000,Statement of Div and Use,Y,N,N,0.00099,0.00099,0.652407333,0.709074,0.427501333,0.053333333
S016060,L_15_MSDC,10000000,Statement of Div and Use,Y,N,N,0.220216667,0.193429,0.236313667,0.68498,0.462391,0.00099
S025301,L_15_MSDC,10000000,Statement of Div and Use,Y,N,N,0.083333333,2,1.466666667,0.35,0.466666667,0.00099
S016069,L_15_MSDC,10000000,Statement of Div and Use,Y,N,N,0.144813333,0.114188333,0.353180333,0.368979,0.701048333,0.00099
S016054,L_15_MSDC,10000000,Statement of Div and Use,Y,N,N,0.255365,0.418991,0.367514667,0.557152333,0.728683667,0.00099
S005226,L_15_MSDC,10000000,Statement of Div and Use,Y,N,N,0.404479333,1.044649333,1.044649333,1.044649333,1.044649333,0.00099
S005225,L_15_MSDC,10000000,Statement of Div and Use,Y,N,N,0.474949333,1.055276,1.055276,1.055276,1.055276,0.083333333
S021488,L_15_MSDC,10000000,Statement of Div and Use,Y,N,N,0.1,1.2,1.2,1.266666667,1.133333333,0.00099
S021568,L_15_MSDC,10000000,Statement of Div and Use,Y,N,N,0.083333333,1.166666667,1.583333333,2,2.5,0.00099
S015520,L_15_MSDC,10000000,Statement of Div and Use,Y,N,N,0.00099,2,3,3,2.5,0.00099
S015865,L_15_MSDC,10000000,Statement of Div and Use,Y,N,N,3,3.5,3.5,4,3.5,3.066666667
S019030,L_15_MSDC,10000000,Statement of Div and Use,Y,N,N,0.76,2.466666667,3.796666667,4.2,3.72,0.00099
S022857,L_15_MSDC,10000000,Statement of Div and Use,Y,N,N,1.266666667,6.333333333,10.46666667,10,6.733333333,0.00099
S025228,L_16,10000000,Statement of Div and Use,Y,N,N,0.031,0.031,0.031,0.00099,0.00099,0.00099
S022703,L_16,10000000,Statement of Div and Use,Y,N,N,0.266666667,0.00099,0.00099,0.00099,0.00099,0.33
S025300,L_16,10000000,Statement of Div and Use,Y,Y,Y,0.000099,0.000099,0.00099,0.00099,0.00099,0.015364667
S027934,L_16,10000000,Statement of Div and Use,Y,Y,Y,0.000099,0.000099,0.00099,0.00099,0.00099,0.00099
S009168,L_16,10000000,Statement of Div and Use,Y,N,Y,0.00099,0.00099,0.00099,0.00099,0.00099,0.97
S018153,L_16,10000000,Statement of Div and Use,Y,N,Y,0.00099,0.00099,0.00099,0.00099,0.00099,0.00099
S018190,L_16,10000000,Statement of Div and Use,Y,N,Y,0.00099,0.00099,0.00099,0.00099,0.00099,0.00099
S019406,L_16,10000000,Statement of Div and Use,Y,N,Y,0.00099,0.00099,0.00099,0.00099,0.00099,0.356666667
S019409,L_16,10000000,Statement of Div and Use,Y,N,Y,0.00099,0.00099,0.00099,0.00099,0.00099,0.356666667
S019412,L_16,10000000,Statement of Div and Use,Y,N,Y,0.00099,0.00099,0.00099,0.00099,0.00099,3.233333333
S023680,L_16,10000000,Statement of Div and Use,Y,N,Y,0.00099,0.00099,0.00099,0.00099,0.00099,3.583333333
S023682,L_16,10000000,Statement of Div and Use,Y,N,Y,0.00099,0.00099,0.00099,0.00099,0.00099,2.2
S013760,L_16,10000000,Statement of Div and Use,Y,N,N,0.002066667,0.002333333,0.002666667,0.001666667,0.00099,0.116666667
S025251,L_16,10000000,Statement of Div and Use,Y,N,N,0.004296333,0.005012333,0.005012333,0.005421667,0.005327,0.00099
S013709,L_16,10000000,Statement of Div and Use,Y,N,N,0.017891333,0.021598667,0.024741667,0.021971,0.017688333,3.033333333
S020134,L_16,10000000,Statement of Div and Use,Y,N,N,0.029154443,0.029154443,0.029154443,0.029154443,0.029154443,0.00099
S025235,L_16,10000000,Statement of Div and Use,Y,N,N,0.039456667,0.039456667,0.039456667,0.039456667,0.039456667,0.00099
S025818,L_16,10000000,Statement of Div and Use,Y,N,N,0.31775,0.047449333,0.073701333,0.070249333,0.058022667,0.00099
S025242,L_16,10000000,Statement of Div and Use,Y,N,N,0.116333333,0.099,0.069,0.069,0.066,0.039123333
S013563,L_16,10000000,Statement of Div and Use,Y,N,N,0.33,0.33,0.33,0.33,0.33,0.077
S015916,L_16,10000000,Statement of Div and Use,Y,N,N,0.00099,0.169006,0.264757667,0.435888,0.450650333,0.004501
S025398,L_16,10000000,Statement of Div and Use,Y,N,N,0.483333333,0.323333333,0.313333333,0.49,0.483333333,0.00099
S013814,L_16,10000000,Statement of Div and Use,Y,N,N,0.97,0.97,0.97,0.97,0.97,0.32
S019972,L_16,10000000,Statement of Div and Use,Y,N,N,0.556666667,1.086666667,2.923333333,1.836666667,1.586666667,0.036253333
S014058,L_16,10000000,Statement of Div and Use,Y,N,N,0.00099,0.766666667,0.866666667,1.366666667,1.633333333,0.00099
S016039,L_16_MSDC,10000000,Statement of Div and Use,Y,N,N,0.005,0.0005,0.00099,0.00099,0.00099,0.00099
S014924,L_16_MSDC,10000000,Statement of Div and Use,Y,N,Y,0.00099,0.00099,0.00099,0.00099,0.00099,0.00099
S016051,L_16_MSDC,10000000,Statement of Div and Use,Y,N,Y,0.00099,0.00099,0.00099,0.00099,0.00099,0.103333333
S016052,L_16_MSDC,10000000,Statement of Div and Use,Y,N,Y,0.00099,0.00099,0.00099,0.00099,0.00099,0.00099
S016055,L_16_MSDC,10000000,Statement of Div and Use,Y,N,Y,0.00099,0.00099,0.00099,0.00099,0.00099,0.016372333
S016058,L_16_MSDC,10000000,Statement of Div and Use,Y,N,Y,0.00099,0.00099,0.00099,0.00099,0.00099,0.007190333
S016062,L_16_MSDC,10000000,Statement of Div and Use,Y,N,Y,0.00099,0.00099,0.00099,0.00099,0.00099,0.00099
S016065,L_16_MSDC,10000000,Statement of Div and Use,Y,N,Y,0.00099,0.00099,0.00099,0.00099,0.00099,0.000261
S018640,L_16_MSDC,10000000,Statement of Div and Use,Y,N,Y,0.00099,0.00099,0.00099,0.00099,0.00099,0.00099
S022288,L_16_MSDC,10000000,Statement of Div and Use,Y,N,Y,0.00099,0.00099,0.00099,0.00099,0.00099,0.5
S024513,L_16_MSDC,10000000,Statement of Div and Use,Y,N,Y,0.00099,0.00099,0.00099,0.00099,0.00099,0.00099
S025042,L_16_MSDC,10000000,Statement of Div and Use,Y,N,Y,0.00099,0.00099,0.00099,0.00099,0.00099,0.002601333
S024511,L_16_MSDC,10000000,Statement of Div and Use,Y,N,N,0.00099,0.017,0.039,0.025,0.00099,0.00099
S016066,L_16_MSDC,10000000,Statement of Div and Use,Y,N,N,0.00099,0.030333333,0.039333333,0.034,0.015,0.00099
S022598,L_16_MSDC,10000000,Statement of Div and Use,Y,N,N,0.083333333,0.19,1.05,0.36,0.066666667,0.00099
S016032,L_16_MSDC,10000000,Statement of Div and Use,Y,N,N,0.081861667,0.081861667,0.081861667,0.081861667,0.081861667,0.322304667
S015944,L_16_MSDC,10000000,Statement of Div and Use,Y,N,N,0.00099,0.1,5.366666667,1.033333333,0.1,0.00099
S016068,L_16_MSDC,10000000,Statement of Div and Use,Y,N,N,1.32422,0.185153,1.670381,1.185725,0.113446667,0.00099
S018213,L_16_MSDC,10000000,Statement of Div and Use,Y,N,N,0.426666667,0.94,0.843333333,0.503333333,0.183333333,0.00099
S018216,L_16_MSDC,10000000,Statement of Div and Use,Y,N,N,0.516666667,0.603333333,0.816666667,0.343333333,0.206666667,0.047211667
S024512,L_16_MSDC,10000000,Statement of Div and Use,Y,N,N,1.087568333,0.268841667,1.214082667,1.428071333,0.233702333,0.00099
S016061,L_16_MSDC,10000000,Statement of Div and Use,Y,N,N,0.088666667,0.214409,0.25843,0.241121667,0.246472667,0.00099
S022463,L_16_MSDC,10000000,Statement of Div and Use,Y,N,N,0.322,1.22,2.19,1.68,0.267,0.00099
S016053,L_16_MSDC,10000000,Statement of Div and Use,Y,N,N,0.073333333,0.267250667,0.504323,0.958889,0.343327,0.00099
S018222,L_16_MSDC,10000000,Statement of Div and Use,Y,N,N,0.796666667,1.646666667,1.383333333,1.13,0.57,0.00099
S016067,L_16_MSDC,10000000,Statement of Div and Use,Y,N,N,0.169186667,0.183197333,0.361258,0.888323,0.654947667,0.00099
S016047,L_16_MSDC,10000000,Statement of Div and Use,Y,N,N,0.000333333,0.577455333,0.423075667,0.820194,0.723866,0.00099
S022466,L_16_MSDC,10000000,Statement of Div and Use,Y,N,N,0.235076667,0.572701,0.929528,1.10109,0.799084667,0.00099
S014925,L_16_MSDC,10000000,Statement of Div and Use,Y,N,N,0.00099,0.533333333,0.2,0.533333333,0.833333333,0.00099
S016049,L_16_MSDC,10000000,Statement of Div and Use,Y,N,N,0.269497333,0.00307,0.332434667,0.392605333,0.912327333,0.00099
S016048,L_16_MSDC,10000000,Statement of Div and Use,Y,N,N,0.5,1,1,1,1,0.273333333
S016038,L_16_MSDC,10000000,Statement of Div and Use,Y,N,N,0.346327667,0.407582333,0.885235667,0.993141,1.087593,0.00099
S015828,L_16_MSDC,10000000,Statement of Div and Use,Y,N,N,0.114666667,0.531666667,0.752,1.296666667,1.09,0.00099
S024495,L_16_MSDC,10000000,Statement of Div and Use,Y,N,N,0.161,0.093,0.145,0.145,1.225,0.158355
S016056,L_16_MSDC,10000000,Statement of Div and Use,Y,N,N,0.041714333,0.080286667,0.535536,0.782462667,1.284296,0.00099
S016046,L_16_MSDC,10000000,Statement of Div and Use,Y,N,N,0.266917,0.301268667,0.881021333,0.940353,1.339271,0.00099
S016057,L_16_MSDC,10000000,Statement of Div and Use,Y,N,N,0.237289,0.170455333,0.603872,0.593614667,1.486719,0.00099
S019384,L_16_MSDC,10000000,Statement of Div and Use,Y,N,N,0.21,0.926666667,1.276666667,1.51,1.543333333,0.258590667
S018225,L_16_MSDC,10000000,Statement of Div and Use,Y,N,N,1.403333333,3.07,3.543333333,2.293333333,1.653333333,0.00099
S016050,L_16_MSDC,10000000,Statement of Div and Use,Y,N,N,0.00099,0.066554,0.312503667,0.556351,1.697013333,0.00099
S025305,L_16_MSDC,10000000,Statement of Div and Use,Y,N,N,0.00099,2.1,1.933333333,5.033333333,3,1.1
S023513,L_17,10000000,Statement of Div and Use,Y,N,N,2.153333333,0.00099,0.00099,0.00099,0.00099,0.00099
S015862,L_17,10000000,Statement of Div and Use,Y,Y,Y,0.000099,0.000099,0.00099,0.00099,0.00099,0.00099
S002378,L_17,10000000,Statement of Div and Use,Y,N,Y,0.00099,0.00099,0.00099,0.00099,0.00099,0.00099
S023512,L_17,10000000,Statement of Div and Use,Y,N,Y,0.00099,0.00099,0.00099,0.00099,0.00099,0.9
S023514,L_17,10000000,Statement of Div and Use,Y,N,Y,0.00099,0.00099,0.00099,0.00099,0.00099,0.00099
S023515,L_17,10000000,Statement of Div and Use,Y,N,Y,0.00099,0.00099,0.00099,0.00099,0.00099,0.107051
S025553,L_17,10000000,Statement of Div and Use,Y,N,N,0.206715,0.168865333,0.157574,0.195993667,0.245199,0.113333333
S023678,L_17,10000000,Statement of Div and Use,Y,N,N,0.156666667,1.4,1.843333333,1.34,0.966666667,0.00099
S014926,L_17_MSRR,10000000,Statement of Div and Use,Y,N,Y,0.00099,0.00099,0.00099,0.00099,0.00099,0.306666667
S014927,L_17_MSRR,10000000,Statement of Div and Use,Y,N,Y,0.00099,0.00099,0.00099,0.00099,0.00099,0.00099
S014928,L_17_MSRR,10000000,Statement of Div and Use,Y,N,Y,0.00099,0.00099,0.00099,0.00099,0.00099,0.766666667
S014930,L_17_MSRR,10000000,Statement of Div and Use,Y,N,Y,0.00099,0.00099,0.00099,0.00099,0.00099,0.4
S014931,L_17_MSRR,10000000,Statement of Div and Use,Y,N,Y,0.00099,0.00099,0.00099,0.00099,0.00099,1.1
S015334,L_17_MSRR,10000000,Statement of Div and Use,Y,N,Y,0.00099,0.00099,0.00099,0.00099,0.00099,0.00099
S015474,L_17_MSRR,10000000,Statement of Div and Use,Y,N,Y,0.00099,0.00099,0.00099,0.00099,0.00099,0.00099
S017033,L_17_MSRR,10000000,Statement of Div and Use,Y,N,Y,0.00099,0.00099,0.00099,0.00099,0.00099,0.00099
S017037,L_17_MSRR,10000000,Statement of Div and Use,Y,N,Y,0.00099,0.00099,0.00099,0.00099,0.00099,0.1
S022017,L_17_MSRR,10000000,Statement of Div and Use,Y,N,Y,0.00099,0.00099,0.00099,0.00099,0.00099,0.00099
S025479,L_17_MSRR,10000000,Statement of Div and Use,Y,N,Y,0.00099,0.00099,0.00099,0.00099,0.00099,0.00099
S025484,L_17_MSRR,10000000,Statement of Div and Use,Y,N,Y,0.00099,0.00099,0.00099,0.00099,0.00099,0.00099
S025485,L_17_MSRR,10000000,Statement of Div and Use,Y,N,Y,0.00099,0.00099,0.00099,0.00099,0.00099,10.13
S017036,L_17_MSRR,10000000,Statement of Div and Use,Y,N,N,0.00099,0.00099,1.92,0.00099,0.00099,0.033333333
S016680,L_17_MSRR,10000000,Statement of Div and Use,Y,N,N,0.00099,0.233333333,0.633333333,0.366666667,0.00099,1.066666667
S019760,L_17_MSRR,10000000,Statement of Div and Use,Y,N,N,0.00099,0.00099,0.00099,0.866666667,0.00099,0.133333333
S025488,L_17_MSRR,10000000,Statement of Div and Use,Y,N,N,0.00099,0.00099,0.003333333,0.00099,0.003333333,0.00099
S025486,L_17_MSRR,10000000,Statement of Div and Use,Y,N,N,0.033333333,0.00099,0.00099,0.00099,0.066666667,0.00099
S015462,L_17_MSRR,10000000,Statement of Div and Use,Y,N,N,0.00099,0.00099,0.14,0.136666667,0.1,0.00099
S022528,L_17_MSRR,10000000,Statement of Div and Use,Y,N,N,0.033333333,0.266666667,0.7,0.466666667,0.366666667,0.780540667
S015473,L_17_MSRR,10000000,Statement of Div and Use,Y,N,N,1.233333333,0.366666667,0.866666667,0.7,0.4,0.00099
S025344,L_17_MSRR,10000000,Statement of Div and Use,Y,N,N,0.06,0.12,0.86,0.286666667,0.503333333,0.103333333
S017034,L_17_MSRR,10000000,Statement of Div and Use,Y,N,N,0.211292667,0.819286667,1.886213667,1.547328,0.886648667,0.242538333
S017038,L_17_MSRR,10000000,Statement of Div and Use,Y,N,N,0.030789667,0.885295333,1.509827667,1.634118667,0.908851,2.72
S016732,L_17_MSRR,10000000,Statement of Div and Use,Y,N,N,0.394178,0.849549667,1.029734333,0.840834,0.937304667,0.00099
S014085,L_17_MSRR,10000000,Statement of Div and Use,Y,N,N,0.666666667,1.4,2.333333333,1.8,0.966666667,0.076666667
S022016,L_17_MSRR,10000000,Statement of Div and Use,Y,N,N,0.633333333,1,1.366666667,1.233333333,1,0.00099
S025487,L_17_MSRR,10000000,Statement of Div and Use,Y,N,N,0.666666667,0.00099,0.00099,0.00099,1.366666667,2.179666667
S014929,L_17_MSRR,10000000,Statement of Div and Use,Y,N,N,0.00099,2.066666667,2.166666667,2.733333333,1.4,0.333333333
S016681,L_17_MSRR,10000000,Statement of Div and Use,Y,N,N,1.866666667,2.2,2.433333333,3.4,1.466666667,0.6
S014083,L_17_MSRR,10000000,Statement of Div and Use,Y,N,N,0.166666667,1.066666667,1.466666667,5.266666667,1.466666667,0.00099
S015459,L_17_MSRR,10000000,Statement of Div and Use,Y,N,N,2.836666667,4.103333333,5.19,3.603333333,1.51,0.233333333
S009291,L_17_MSRR,10000000,Statement of Div and Use,Y,N,N,1.03,1.626666667,2.523333333,2.096666667,1.54,0.213333333
S025343,L_17_MSRR,10000000,Statement of Div and Use,Y,N,N,0.316666667,0.29,0.866666667,0.76,1.93,0.00099
S015463,L_17_MSRR,10000000,Statement of Div and Use,Y,N,N,1.1,0.833333333,0.966666667,1.033333333,1.966666667,1.146666667
S025346,L_17_MSRR,10000000,Statement of Div and Use,Y,N,N,0.136666667,0.093333333,1.273333333,0.943333333,2.263333333,0.263333333
S022015,L_17_MSRR,10000000,Statement of Div and Use,Y,N,N,0.5,1.766666667,3.1,2.6,2.533333333,0.00099
S025345,L_17_MSRR,10000000,Statement of Div and Use,Y,N,N,0.443333333,1.393333333,2.903333333,1.846666667,2.563333333,0.033333333
S014084,L_17_MSRR,10000000,Statement of Div and Use,Y,N,N,0.566666667,2.233333333,6.2,6.133333333,2.866666667,0.00099
S017035,L_17_MSRR,10000000,Statement of Div and Use,Y,N,N,0.262520333,2.277572667,3.746872,3.096473,2.910281,0.366666667
S027969,L_17_MSRR,10000000,Statement of Div and Use,Y,N,N,1.209,2.219,3.865,1.7125,4.2,1.3
S009292,L_17_MSRR,10000000,Statement of Div and Use,Y,N,N,0.00099,0.193333333,0.236666667,0.43,8.323333333,0.00099
S019763,L_17_MSRR,10000000,Statement of Div and Use,Y,N,N,0.00099,4.473333333,11.64333333,16.16333333,15.15,0.55
S025890,L_18,10000000,Statement of Div and Use,Y,N,N,6.13E-05,0.00010217,0.000122837,0.000122837,6.13E-05,0.0000563
S002720,L_18,10000000,Statement of Div and Use,Y,N,N,0.000123,0.000128,0.000128,0.000128,0.0000923,0.36
S025714,L_18,10000000,Statement of Div and Use,Y,N,N,0.015344,0.005114667,0.00099,0.00099,0.00099,0.00099
S027330,L_18,10000000,Statement of Div and Use,Y,N,N,0.083333333,0.00099,0.00099,0.00099,0.00099,0.00099
S021485,L_18,10000000,Statement of Div and Use,Y,Y,Y,0.000099,0.000099,0.00099,0.00099,0.00099,0.00099
S025702,L_18,10000000,Statement of Div and Use,Y,Y,Y,0.000099,0.000099,0.00099,0.00099,0.00099,0.00099
S027883,L_18,10000000,Statement of Div and Use,Y,Y,Y,0.000099,0.000099,0.00099,0.00099,0.00099,0.024127667
S008502,L_18,10000000,Statement of Div and Use,Y,N,Y,0.00099,0.00099,0.00099,0.00099,0.00099,0.00099
S012930,L_18,10000000,Statement of Div and Use,Y,N,Y,0.00099,0.00099,0.00099,0.00099,0.00099,2.666666667
S015906,L_18,10000000,Statement of Div and Use,Y,N,Y,0.00099,0.00099,0.00099,0.00099,0.00099,0.00099
S015923,L_18,10000000,Statement of Div and Use,Y,N,Y,0.00099,0.00099,0.00099,0.00099,0.00099,0.00099
S017651,L_18,10000000,Statement of Div and Use,Y,N,Y,0.00099,0.00099,0.00099,0.00099,0.00099,0.00099
S019193,L_18,10000000,Statement of Div and Use,Y,N,Y,0.00099,0.00099,0.00099,0.00099,0.00099,0.00099
S022557,L_18,10000000,Statement of Div and Use,Y,N,Y,0.00099,0.00099,0.00099,0.00099,0.00099,0.00099
S022558,L_18,10000000,Statement of Div and Use,Y,N,Y,0.00099,0.00099,0.00099,0.00099,0.00099,0.031164667
S022777,L_18,10000000,Statement of Div and Use,Y,N,Y,0.00099,0.00099,0.00099,0.00099,0.00099,0.012275533
S025893,L_18,10000000,Statement of Div and Use,Y,N,Y,0.00099,0.00099,0.00099,0.00099,0.00099,0.001227667
S027331,L_18,10000000,Statement of Div and Use,Y,N,Y,0.00099,0.00099,0.00099,0.00099,0.00099,0.013809993
S028035,L_18,10000000,Statement of Div and Use,Y,N,Y,0.00099,0.00099,0.00099,0.00099,0.00099,0.00099
S028289,L_18,10000000,Statement of Div and Use,Y,N,Y,0.00099,0.00099,0.00099,0.00099,0.00099,0.026288417
S025834,L_18,10000000,Statement of Div and Use,Y,N,N,0.004664903,0.004797888,0.004675133,0.004664903,0.003114962,0.00099
S025250,L_18,10000000,Statement of Div and Use,Y,N,N,0.003172333,0.00307,0.007264,0.007570667,0.005114667,0.006798
S025833,L_18,10000000,Statement of Div and Use,Y,N,N,0.005830943,0.005600499,0.005984165,0.006137887,0.005892321,0.00099
S026037,L_18,10000000,Statement of Div and Use,Y,N,N,0.00099,0.005136667,0.005396667,0.005396667,0.006003333,0.053
S025703,L_18,10000000,Statement of Div and Use,Y,N,N,0.008897,0.012616,0.01319,0.013172,0.010879,0.005830943
S025263,L_18,10000000,Statement of Div and Use,Y,N,N,0.014270326,0.013809993,0.014270326,0.014270326,0.013809972,0.003247947
S016134,L_18,10000000,Statement of Div and Use,Y,N,N,0.024127667,0.024127667,0.024127667,0.024127667,0.024127667,0.152503
S025236,L_18,10000000,Statement of Div and Use,Y,N,N,0.022867333,0.023704,0.035507,0.024664667,0.027704,0.026666667
S025590,L_18,10000000,Statement of Div and Use,Y,N,N,0.029766417,0.029357417,0.029766417,0.029766417,0.029357417,4.09E-05
S025237,L_18,10000000,Statement of Div and Use,Y,N,N,0.014270307,0.034064604,0.035200091,0.035200091,0.034064604,0.00099
S025889,L_18,10000000,Statement of Div and Use,Y,N,N,0.04,0.053333333,0.053333333,0.053333333,0.04,0.00099
S027435,L_18,10000000,Statement of Div and Use,Y,N,N,0.039353333,0.054626,0.048825667,0.052026,0.051496,0.15
S027297,L_18,10000000,Statement of Div and Use,Y,N,N,0.05524,0.05524,0.05524,0.05524,0.05524,0.05524
S025792,L_18,10000000,Statement of Div and Use,Y,N,N,0.054,0.065,0.065,0.073,0.069666667,0.00099
S025227,L_18,10000000,Statement of Div and Use,Y,N,N,0.091439667,0.091439667,0.091439667,0.091439667,0.083153667,0.00099
S026853,L_18,10000000,Statement of Div and Use,Y,N,N,0.15,0.18,0.21,0.28,0.28,0.010014667
S025354,L_18,10000000,Statement of Div and Use,Y,N,N,0.00099,0.2925,0.2925,0.2925,0.2925,0.00099
S025847,L_18,10000000,Statement of Div and Use,Y,N,N,0.141547667,0.482788,0.540378667,0.520739,0.459934,0.00099
S003106,L_18,10000000,Statement of Div and Use,Y,N,N,0.46,0.55,0.69,0.69,0.69,0.00099
S025066,L_18_MSRR,10000000,Statement of Div and Use,Y,N,N,0.00099,0.000736844,0.000982178,0.000982178,0.000859511,0.3
S014091,L_18_MSRR,10000000,Statement of Div and Use,Y,N,N,0.1,0.00099,0.00099,0.00099,0.00099,0.3
S014082,L_18_MSRR,10000000,Statement of Div and Use,Y,N,Y,0.00099,0.00099,0.00099,0.00099,0.00099,0.00099
S016686,L_18_MSRR,10000000,Statement of Div and Use,Y,N,Y,0.00099,0.00099,0.00099,0.00099,0.00099,1.366666667
S022400,L_18_MSRR,10000000,Statement of Div and Use,Y,N,Y,0.00099,0.00099,0.00099,0.00099,0.00099,0.166666667
S028233,L_18_MSRR,10000000,Statement of Div and Use,Y,N,Y,0.00099,0.00099,0.00099,0.00099,0.00099,0.00099
S014080,L_18_MSRR,10000000,Statement of Div and Use,Y,N,N,0.00099,0.133333333,0.166666667,0.00099,0.00099,0.566666667
S014081,L_18_MSRR,10000000,Statement of Div and Use,Y,N,N,0.00099,0.133333333,0.166666667,0.00099,0.00099,0.9
S015461,L_18_MSRR,10000000,Statement of Div and Use,Y,N,N,0.433333333,0.966666667,0.979,0.891666667,0.125,1.266666667
S016322,L_18_MSRR,10000000,Statement of Div and Use,Y,N,N,0.00099,0.00099,0.00099,1.8,0.4,0.166666667
S016684,L_18_MSRR,10000000,Statement of Div and Use,Y,N,N,0.00099,0.00099,0.00099,0.00099,1.266666667,1.733333333
S014090,L_18_MSRR,10000000,Statement of Div and Use,Y,N,N,3.033333333,3.433333333,4.466666667,3.1,1.466666667,0.00099
S016685,L_18_MSRR,10000000,Statement of Div and Use,Y,N,N,0.00099,0.00099,0.00099,0.00099,2.833333333,0.00099
S020828,L_18_MSRR,10000000,Statement of Div and Use,Y,N,N,0.00099,0.00099,0.00099,0.00099,4.833333333,0.00099
S015955,L_19,10000000,Statement of Div and Use,Y,N,Y,0.00099,0.00099,0.00099,0.00099,0.00099,0.00099
S015901,L_19_MSRR,10000000,Statement of Div and Use,Y,N,N,0.85,0.00099,0.00099,0.00099,0.00099,0.144666667
S024349,L_19_MSRR,10000000,Statement of Div and Use,Y,N,N,0.093333333,0.093333333,0.093333333,0.093333333,0.046666667,0.00099
S015214,L_19_MSRR,10000000,Statement of Div and Use,Y,N,N,0.04,0.216666667,0.366666667,0.283333333,0.366666667,0.066666667
S015900,L_19_MSRR,10000000,Statement of Div and Use,Y,N,N,0.833333333,0.266666667,0.1,0.333333333,0.5,0.333333333
S014910,L_19_MSRR,10000000,Statement of Div and Use,Y,N,N,0.371333333,0.00099,1.470666667,0.445666667,1.512,0.00099
S008582,L_20,10000000,Statement of Div and Use,Y,N,N,0.000485667,0.000485667,0.000485667,0.000485667,0.000485667,0.0000573
S024769,L_20,10000000,Statement of Div and Use,Y,N,N,0.014833069,0.010587775,0.004398739,0.00099,0.00099,0.00099
S008583,L_20,10000000,Statement of Div and Use,Y,N,Y,0.00099,0.00099,0.00099,0.00099,0.00099,0.00099
S008584,L_20,10000000,Statement of Div and Use,Y,N,Y,0.00099,0.00099,0.00099,0.00099,0.00099,0.00099
S008585,L_20,10000000,Statement of Div and Use,Y,N,Y,0.00099,0.00099,0.00099,0.00099,0.00099,0.000204667
S008587,L_20,10000000,Statement of Div and Use,Y,N,Y,0.00099,0.00099,0.00099,0.00099,0.00099,0.00099
S018671,L_20,10000000,Statement of Div and Use,Y,N,Y,0.00099,0.00099,0.00099,0.00099,0.00099,0.000562667
S018677,L_20,10000000,Statement of Div and Use,Y,N,Y,0.00099,0.00099,0.00099,0.00099,0.00099,0.03386
S026496,L_20,10000000,Statement of Div and Use,Y,N,Y,0.00099,0.00099,0.00099,0.00099,0.00099,0.000879667
S008586,L_20,10000000,Statement of Div and Use,Y,N,N,0.001227667,0.001534667,0.00179,0.00179,0.001739,0.007774667
S026781,L_20,10000000,Statement of Div and Use,Y,N,N,0.0025,0.0025,0.0025,0.0025,0.0025,0.020766333
S008590,L_20,10000000,Statement of Div and Use,Y,N,N,0.003580667,0.003580667,0.003580667,0.003580667,0.002557667,0.097693
S008588,L_20,10000000,Statement of Div and Use,Y,N,N,0.003785,0.003785,0.003785,0.003785,0.002762,0.046647
S024770,L_20,10000000,Statement of Div and Use,Y,N,N,0.00099,0.004500924,0.003805532,0.003631591,0.003790225,0.00099
S018674,L_20,10000000,Statement of Div and Use,Y,N,N,0.0051,0.0051,0.0051,0.0051,0.0051,0.0045
S008592,L_20,10000000,Statement of Div and Use,Y,N,N,0.011763667,0.011763667,0.011763667,0.011763667,0.011763667,0.00099
S008591,L_20,10000000,Statement of Div and Use,Y,N,N,0.015242,0.015242,0.015242,0.015242,0.015242,0.009820404
S027438,L_20,10000000,Statement of Div and Use,Y,N,N,0.007672218,0.015344437,0.03375776,0.03375776,0.03375776,0.007058331
S027500,L_20,10000000,Statement of Div and Use,Y,N,N,0.007672218,0.015344437,0.03375776,0.03375776,0.03375776,0.00099
S008589,L_20,10000000,Statement of Div and Use,Y,N,N,0.066697333,0.056979,0.056979,0.065981,0.051956333,0.052201333
S026735,L_20,10000000,Statement of Div and Use,Y,N,N,0.052201333,0.052201333,0.052201333,0.052201333,0.052201333,0.0025
S026903,L_20,10000000,Statement of Div and Use,Y,N,N,0.073653308,0.08592886,0.088997748,0.088997748,0.076722196,0.03068888
S009324,L_20,10000000,Statement of Div and Use,Y,N,N,0.062401,0.062401,0.093089667,0.093601,0.093601,0.00099
S008593,L_20,10000000,Statement of Div and Use,Y,N,N,0.217379333,0.283872,0.265970333,0.258809667,0.258809667,0.00099
S001181,L_21,10000000,Statement of Div and Use,Y,N,Y,0.00099,0.00099,0.00099,0.00099,0.00099,0.00099
S004460,L_21,10000000,Statement of Div and Use,Y,N,Y,0.00099,0.00099,0.00099,0.00099,0.00099,0.00099
S015908,L_21,10000000,Statement of Div and Use,Y,N,Y,0.00099,0.00099,0.00099,0.00099,0.00099,0.00099
S015948,L_21,10000000,Statement of Div and Use,Y,N,Y,0.00099,0.00099,0.00099,0.00099,0.00099,0.009
S022559,L_21,10000000,Statement of Div and Use,Y,N,Y,0.00099,0.00099,0.00099,0.00099,0.00099,0.046
S022560,L_21,10000000,Statement of Div and Use,Y,N,Y,0.00099,0.00099,0.00099,0.00099,0.00099,0.333333333
S022561,L_21,10000000,Statement of Div and Use,Y,N,Y,0.00099,0.00099,0.00099,0.00099,0.00099,0.00099
S024280,L_21,10000000,Statement of Div and Use,Y,N,Y,0.00099,0.00099,0.00099,0.00099,0.00099,0.00099
S004341,L_21,10000000,Statement of Div and Use,Y,N,N,0.00099,0.00099,0.001022667,0.002148333,0.001534333,0.00099
S025816,L_21,10000000,Statement of Div and Use,Y,N,N,0.033758,0.033758,0.033758,0.033758,0.033758,0.00099
S014479,L_21,10000000,Statement of Div and Use,Y,N,N,0.0138,0.0138,0.046,0.046,0.046,0.00099
S013850,L_21,10000000,Statement of Div and Use,Y,N,N,0.094333333,0.116833333,0.212666667,0.225566667,0.2116,0.613943333
S025197,L_21,10000000,Statement of Div and Use,Y,N,N,0.636517667,0.654757333,0.787263667,0.740082333,0.589993333,0.033758
S024131,L_21_MSRR,10000000,Statement of Div and Use,Y,N,N,0.00099,0.000613777,0.006178693,0.006178693,0.006137775,0.00099
S016778,L_23,10000000,Statement of Div and Use,Y,N,Y,0.00099,0.00099,0.00099,0.00099,0.00099,0.00099
S016779,L_23,10000000,Statement of Div and Use,Y,N,Y,0.00099,0.00099,0.00099,0.00099,0.00099,0.366666667
S019762,L_23,10000000,Statement of Div and Use,Y,N,Y,0.00099,0.00099,0.00099,0.00099,0.00099,0.056666667
S019205,L_23,10000000,Statement of Div and Use,Y,N,N,0.00099,0.033333333,0.00099,0.00099,0.00099,1.8
S014070,L_23,10000000,Statement of Div and Use,Y,N,N,1.166666667,5.233333333,9.466666667,17.73333333,11.3,0.00099
S025698,L_24,10000000,Statement of Div and Use,Y,N,N,0.000358037,0.00099,0.000716074,0.000716074,0.000716074,0.3
S015981,L_24,10000000,Statement of Div and Use,Y,Y,Y,0.000099,0.000099,0.00099,0.00099,0.00099,0.00099
S027768,L_24,10000000,Statement of Div and Use,Y,Y,Y,0.000099,0.000099,0.00099,0.00099,0.00099,0.1
S014076,L_24,10000000,Statement of Div and Use,Y,N,Y,0.00099,0.00099,0.00099,0.00099,0.00099,0.00099
S015886,L_24,10000000,Statement of Div and Use,Y,N,Y,0.00099,0.00099,0.00099,0.00099,0.00099,0.033333333
S015887,L_24,10000000,Statement of Div and Use,Y,N,N,0.00099,0.00099,0.00099,0.00099,0.00099,0.00099
S015895,L_24,10000000,Statement of Div and Use,Y,N,Y,0.00099,0.00099,0.00099,0.00099,0.00099,0.00099
S016025,L_24,10000000,Statement of Div and Use,Y,N,Y,0.00099,0.00099,0.00099,0.00099,0.00099,0.00099
S016328,L_24,10000000,Statement of Div and Use,Y,N,Y,0.00099,0.00099,0.00099,0.00099,0.00099,0.00099
S019190,L_24,10000000,Statement of Div and Use,Y,N,Y,0.00099,0.00099,0.00099,0.00099,0.00099,0.00099
S023707,L_24,10000000,Statement of Div and Use,Y,N,Y,0.00099,0.00099,0.00099,0.00099,0.00099,0.3
S025689,L_24,10000000,Statement of Div and Use,Y,N,Y,0.00099,0.00099,0.00099,0.00099,0.00099,0.00099
S025675,L_24,10000000,Statement of Div and Use,Y,N,N,0.0007675,0.000921,0.003069,0.001688,0.00099,0.00099
S025471,L_24,10000000,Statement of Div and Use,Y,N,N,0.001534,0.001534,0.003068,0.001534,0.001534,0.00099
S025769,L_24,10000000,Statement of Div and Use,Y,N,N,0.001534,0.001534,0.0015345,0.0015345,0.0015345,0.00099
S025883,L_24,10000000,Statement of Div and Use,Y,N,N,0.001579,0.001579,0.001579,0.001579,0.001579,0.00099
S027965,L_24,10000000,Statement of Div and Use,Y,N,N,0.0029025,0.0029025,0.0029025,0.0029025,0.0029025,0.00099
S027326,L_24,10000000,Statement of Div and Use,Y,N,N,0.006138,0.006905,0.006905,0.006905,0.006905,0.000614
S027456,L_24,10000000,Statement of Div and Use,Y,N,N,0.021482,0.022505,0.022505,0.022505,0.020459,0.00099
S025827,L_24,10000000,Statement of Div and Use,Y,N,N,0.01,0.016666667,0.016666667,0.023333333,0.023333333,0.00099
S022128,L_24,10000000,Statement of Div and Use,Y,N,N,0.00099,0.00099,0.062359667,0.129112333,0.03288,0.034525
S025891,L_24,10000000,Statement of Div and Use,Y,N,N,0.034525,0.034525,0.034525,0.034525,0.034525,0.006138
S015885,L_24,10000000,Statement of Div and Use,Y,N,N,0.05,0.05,0.05,0.05,0.05,0.016367333
S015997,L_24,10000000,Statement of Div and Use,Y,N,N,0.233333333,0.633333333,0.066666667,0.1,0.133333333,0.00099
S014075,L_24,10000000,Statement of Div and Use,Y,N,N,0.42,6.896666667,11.29,15.91333333,4.756666667,0.0029025
S009689,L_24_LSR,10000000,Statement of Div and Use,Y,Y,Y,0.000099,0.000099,0.00099,0.00099,0.00099,0.00099
S014096,L_24_LSR,10000000,Statement of Div and Use,Y,N,Y,0.00099,0.00099,0.00099,0.00099,0.00099,0.00099
S014097,L_24_LSR,10000000,Statement of Div and Use,Y,N,Y,0.00099,0.00099,0.00099,0.00099,0.00099,0.00099
S016682,L_24_LSR,10000000,Statement of Div and Use,Y,N,Y,0.00099,0.00099,0.00099,0.00099,0.00099,0.00099
S016683,L_24_LSR,10000000,Statement of Div and Use,Y,N,Y,0.00099,0.00099,0.00099,0.00099,0.00099,0.00099
S022607,L_24_LSR,10000000,Statement of Div and Use,Y,N,Y,0.00099,0.00099,0.00099,0.00099,0.00099,0.00099
S015460,L_24_LSR,10000000,Statement of Div and Use,Y,N,N,0.033333333,0.00099,0.033333333,0.00099,0.00099,0.00099
S016731,L_24_LSR,10000000,Statement of Div and Use,Y,N,N,0.118286667,0.00099,0.110016667,0.202453,0.245119,0.00099
S015273,L_24_LSR,10000000,Statement of Div and Use,Y,N,N,0.115856667,0.126691333,0.263712333,0.22842,0.300936667,0.00099
S026919,L_24_LSR,10000000,Statement of Div and Use,Y,N,N,0.02,0.356666667,1.226666667,0.283333333,0.533333333,0.00099
S000549,L_25,10000000,Statement of Div and Use,Y,N,Y,0.00099,0.00099,0.00099,0.00099,0.00099,0.00099
S015872,L_25,10000000,Statement of Div and Use,Y,N,Y,0.00099,0.00099,0.00099,0.00099,0.00099,0.00099
S022713,L_25,10000000,Statement of Div and Use,Y,N,Y,0.00099,0.00099,0.00099,0.00099,0.00099,0.00099
S023849,L_25,10000000,Statement of Div and Use,Y,N,N,1.3,1.4,1.266666667,1.833333333,0.333333333,0.6
S019697,L_26,10000000,Statement of Div and Use,Y,Y,Y,0.000099,0.000099,0.00099,0.00099,0.00099,0.00099
S000632,L_26,10000000,Statement of Div and Use,Y,N,Y,0.00099,0.00099,0.00099,0.00099,0.00099,0.00099
S026639,L_26,10000000,Statement of Div and Use,Y,N,Y,0.00099,0.00099,0.00099,0.00099,0.00099,0.00099
S024858,L_27,10000000,Statement of Div and Use,Y,N,N,0.466666667,0.233333333,0.00099,0.00099,0.00099,0.00099
S016853,L_27,10000000,Statement of Div and Use,Y,N,N,0.1,0.00099,0.00099,0.00099,0.00099,0.00099
S002929,L_27,10000000,Statement of Div and Use,Y,Y,Y,0.000099,0.000099,0.00099,0.00099,0.00099,1.333333333
S000093,L_27,10000000,Statement of Div and Use,Y,N,Y,0.00099,0.00099,0.00099,0.00099,0.00099,1.266666667
S019232,L_27,10000000,Statement of Div and Use,Y,N,Y,0.00099,0.00099,0.00099,0.00099,0.00099,0.00099
S019312,L_27,10000000,Statement of Div and Use,Y,N,Y,0.00099,0.00099,0.00099,0.00099,0.00099,0.00099
S022832,L_27,10000000,Statement of Div and Use,Y,N,Y,0.00099,0.00099,0.00099,0.00099,0.00099,0.00099
S027385,L_27,10000000,Statement of Div and Use,Y,N,Y,0.00099,0.00099,0.00099,0.00099,0.00099,0.00099
S016699,L_28,10000000,Statement of Div and Use,Y,N,N,0.003140333,0.003621333,0.002721,0.000695667,0.00099,0.333333333
S015821,L_28,10000000,Statement of Div and Use,Y,N,Y,0.00099,0.00099,0.00099,0.00099,0.00099,0.00099
S016700,L_28,10000000,Statement of Div and Use,Y,N,N,0.012377667,0.01782,0.015191,0.005063333,0.005258,0.001186667
S027654,L_28,10000000,Statement of Div and Use,Y,N,N,0.00099,0.015,0.02,0.025,0.025,0.00099
