USER,2022-07_ALLOCATIONS,2022-07_CURTAILMENT,2022-07_DEMAND,2022-07_SHORTAGE_%,BASIN,PRIORITY
A019649,0.0002022,0,0.00020219999999999998,0,R_14,174.0
A020129,0.0002022,0,0.00020219999999999998,0,R_14,186.0
A022496,2.022e-05,0,2.022e-05,0,R_14,236.0
A023173,0.16,0,0.16,0,R_14,257.0
A024300A,0.0002022,0,0.00020219999999999998,0,R_14,273.0
A025964,0.0002022,0,0.00020219999999999998,0,R_14,328.0
A029562,0.0002022,0,0.00020219999999999998,0,R_14,378.0
A029628,0.0002022,0,0.00020219999999999998,0,R_14,383.0
A031363,0.0002022,0,0.00020219999999999998,0,R_14,419.0
L031802,0.0002022,0,0.00020219999999999998,0,R_14,433.0
A014043,25.0,0,25.0,0,R_14_M,86.0
A014136,1.82,0,1.82,0,R_14_M,99.0
A019351,0.0,1,85.0,100.0,R_14_M,10000.0
A022661,0.0,1,0.00020219999999999998,100.0,R_14_M,240.0
A022807,0.0,1,0.00020219999999999998,100.0,R_14_M,244.0
A022929,0.0,1,1.53e-05,100.0,R_14_M,246.0
A023067,0.0,1,7.25,100.0,R_14_M,251.0
A016218,0.0002022,0,0.00020219999999999998,0,R_15,133.0
A017689,2.29,0,2.29,0,R_15,150.0
A018235,0.0002022,0,0.00020219999999999998,0,R_15,157.0
A022090,2.022e-05,0,2.022e-05,0,R_15,227.0
A022141,2.022e-05,0,2.022e-05,0,R_15,228.0
A022237,5.1e-05,0,5.1e-05,0,R_15,230.0
A025998,1.37,0,1.37,0,R_15,329.0
A027953,0.0002022,0,0.00020219999999999998,0,R_15,360.0
A029199,0.0002022,0,0.00020219999999999998,0,R_15,369.0
D029862,0.0002022,0,0.00020219999999999998,0,R_15,391.0
D030095,0.0002022,0,0.00020219999999999998,0,R_15,396.0
D031681,0.0002022,0,0.00020219999999999998,0,R_15,428.0
D031803,0.0002022,0,0.00020219999999999998,0,R_15,432.0
A013914,0.0002022,0,0.00020219999999999998,0,R_15_M,82.0
A013988,0.34,0,0.34,0,R_15_M,85.0
A014054,1.58,0,1.58,0,R_15_M,88.0
A014055,3.33,0,3.33,0,R_15_M,89.0
A014056,0.0002022,0,0.00020219999999999998,0,R_15_M,90.0
A014064,4.16,0,4.16,0,R_15_M,93.0
A014066,2.22,0,2.22,0,R_15_M,94.0
A014067,5.04,0,5.04,0,R_15_M,95.0
A015348,3.26,0,3.26,0,R_15_M,118.0
A016524,2.65,0,2.65,0,R_15_M,137.0
A016777,0.08,0,0.08,0,R_15_M,140.0
A017056,1.17415,0,3.52,66.6434659090909,R_15_M,142.0
A020573,0.0,1,0.00020219999999999998,100.0,R_15_M,197.0
A021886,0.0,1,0.00020219999999999998,100.0,R_15_M,223.0
A022359,0.0,1,3.66,100.0,R_15_M,234.0
S004345,1.33,0,1.33,0,R_15_M,1.0
A004612,0.0007,0,0.0007,0,R_16,34.0
A011327,0.0002022,0,0.00020219999999999998,0,R_16,44.0
A013359,6.13,0,6.13,0,R_16,70.0
A015299,0.0002022,0,0.00020219999999999998,0,R_16,117.0
A015624,0.0002022,0,0.00020219999999999998,0,R_16,121.0
A015947,0.0002022,0,0.00020219999999999998,0,R_16,130.0
A017098,0.0002022,0,0.00020219999999999998,0,R_16,144.0
A017237,0.0002022,0,0.00020219999999999998,0,R_16,145.0
A017263,0.33,0,0.33,0,R_16,146.0
A017479,0.0002022,0,0.00020219999999999998,0,R_16,148.0
A017833,2.022e-05,0,2.022e-05,0,R_16,152.0
A018127,2.022e-05,0,2.022e-05,0,R_16,155.0
A019089,0.0002022,0,0.00020219999999999998,0,R_16,165.0
A019241,0.0002022,0,0.00020219999999999998,0,R_16,166.0
A019554,0.0002022,0,0.00020219999999999998,0,R_16,172.0
A019720,0.0002022,0,0.00020219999999999998,0,R_16,176.0
A020005,0.0002022,0,0.00020219999999999998,0,R_16,180.0
A020015,0.0002022,0,0.00020219999999999998,0,R_16,181.0
A020114,0.0002022,0,0.00020219999999999998,0,R_16,184.0
A020493,0.0002022,0,0.00020219999999999998,0,R_16,195.0
A020728,0.0002022,0,0.00020219999999999998,0,R_16,201.0
A020733,0.0002022,0,0.00020219999999999998,0,R_16,202.0
A020951,0.0002022,0,0.00020219999999999998,0,R_16,207.0
A021052,0.33,0,0.33,0,R_16,210.0
A021191,0.41,0,0.41,0,R_16,214.0
A021210,0.00460333,0,0.004603333,0,R_16,215.0
A022151,0.0002022,0,0.00020219999999999998,0,R_16,229.0
A023077,0.0002022,0,0.00020219999999999998,0,R_16,252.0
A023094,0.0002022,0,0.00020219999999999998,0,R_16,253.0
A024223,0.0002022,0,0.00020219999999999998,0,R_16,265.0
A024544,0.0002022,0,0.00020219999999999998,0,R_16,276.0
A024782,0.0002022,0,0.00020219999999999998,0,R_16,287.0
A025125,2.022e-05,0,2.022e-05,0,R_16,308.0
A026440,0.0002022,0,0.00020219999999999998,0,R_16,337.0
A026442,0.0002022,0,0.00020219999999999998,0,R_16,338.0
A026561,0.0002022,0,0.00020219999999999998,0,R_16,340.0
A027031,0.0002022,0,0.00020219999999999998,0,R_16,346.0
A027702,0.0002022,0,0.00020219999999999998,0,R_16,357.0
A028402,0.0002022,0,0.00020219999999999998,0,R_16,363.0
A029538,0.0002022,0,0.00020219999999999998,0,R_16,381.0
A029986,0.0002022,0,0.00020219999999999998,0,R_16,395.0
A030173,0.0002022,0,0.00020219999999999998,0,R_16,400.0
A030933,0.0002022,0,0.00020219999999999998,0,R_16,410.0
C003981,0.0002022,0,0.00020219999999999998,0,R_16,394.0
D029507,0.0002022,0,0.00020219999999999998,0,R_16,380.0
D029831,0.0002022,0,0.00020219999999999998,0,R_16,413.0
D030758,0.0002022,0,0.00020219999999999998,0,R_16,409.0
D031267,0.0002022,0,0.00020219999999999998,0,R_16,415.0
D031569,0.0002022,0,0.00020219999999999998,0,R_16,423.0
D032058,0.0002022,0,0.00020219999999999998,0,R_16,434.0
D032534,0.04,0,0.04,0,R_16,445.0
D032725,0.0002022,0,0.00020219999999999998,0,R_16,449.0
L032735,0.0002022,0,0.00020219999999999998,0,R_16,450.0
S009040,0.16,0,0.16,0,R_16,25.0
S009045,2.022e-05,0,2.022e-05,0,R_16,7.0
S027251,0.5,0,0.5,0,R_16,26.0
S027799,0.06,0,0.06,0,R_16,24.0
A013639,2.56,0,2.56,0,R_16_M,78.0
A013890,0.0002022,0,0.00020219999999999998,0,R_16_M,81.0
A014068,33.33,0,33.33,0,R_16_M,96.0
A015759,1.23,0,1.23,0,R_16_M,127.0
A015760,1.31,0,1.31,0,R_16_M,128.0
A017551,0.0,1,0.00020219999999999998,100.0,R_16_M,149.0
A020583,0.0,1,0.00020219999999999998,100.0,R_16_M,198.0
A021360,0.0,1,0.81,100.0,R_16_M,218.0
A022273,0.0,1,0.00020219999999999998,100.0,R_16_M,231.0
A023165,0.0,1,0.00020219999999999998,100.0,R_16_M,256.0
A023540,0.0,1,0.00020219999999999998,100.0,R_16_M,259.0
A023766,0.0,1,0.00020219999999999998,100.0,R_16_M,262.0
A024688A,0.0,1,0.00020219999999999998,100.0,R_16_M,279.0
A024688B,0.0,1,0.00020219999999999998,100.0,R_16_M,280.0
A028878,0.0,1,0.000685333,100.0,R_16_M,366.0
A014513,0.0002022,0,0.00020219999999999998,0,R_17,105.0
A015237,0.0002022,0,0.00020219999999999998,0,R_17,116.0
A020264,0.0002022,0,0.00020219999999999998,0,R_17,190.0
A020557,0.0002022,0,0.00020219999999999998,0,R_17,196.0
A020769,0.0002022,0,0.00020219999999999998,0,R_17,203.0
A020788,0.0002022,0,0.00020219999999999998,0,R_17,204.0
A020979,0.0002022,0,0.00020219999999999998,0,R_17,208.0
A025367,0.0002022,0,0.00020219999999999998,0,R_17,315.0
A025623,0.0002022,0,0.00020219999999999998,0,R_17,320.0
A026298A,0.06,0,0.06,0,R_17,335.0
A027757,0.0002022,0,0.00020219999999999998,0,R_17,358.0
A029671,0.0002022,0,0.00020219999999999998,0,R_17,384.0
C003979,0.0002022,0,0.00020219999999999998,0,R_17,392.0
A003633,0.0002022,0,0.00020219999999999998,0,R_17_M,33.0
A013062,0.0002022,0,0.00020219999999999998,0,R_17_M,53.0
A013097,0.0002022,0,0.00020219999999999998,0,R_17_M,55.0
A013098,3.5,0,3.5,0,R_17_M,56.0
A013135,0.5,0,0.5,0,R_17_M,58.0
A013151,0.0002022,0,0.00020219999999999998,0,R_17_M,59.0
A013267,10.43,0,10.43,0,R_17_M,64.0
A013268,0.0002022,0,0.00020219999999999998,0,R_17_M,65.0
A013453,10.63,0,10.63,0,R_17_M,74.0
A013684B,0.87,0,0.87,0,R_17_M,79.0
A014050A,0.0002022,0,0.00020219999999999998,0,R_17_M,91.0
A014050B,0.03,0,0.03,0,R_17_M,87.0
A014061,3.05,0,3.05,0,R_17_M,92.0
A014208,0.0002022,0,0.00020219999999999998,0,R_17_M,101.0
A014333,16.16,0,16.16,0,R_17_M,102.0
A014747,2.56,0,2.56,0,R_17_M,107.0
A014762,0.0002022,0,0.00020219999999999998,0,R_17_M,108.0
A014925,5.2,0,5.2,0,R_17_M,112.0
A014942,0.0002022,0,0.00020219999999999998,0,R_17_M,113.0
A016440,0.0002022,0,0.00020219999999999998,0,R_17_M,134.0
A016457,0.0002022,0,0.00020219999999999998,0,R_17_M,135.0
A021660,3.48,0,3.48,0,R_17_M,220.0
A022608,0.0002022,0,0.00020219999999999998,0,R_17_M,255.0
A023639,0.0002022,0,0.00020219999999999998,0,R_17_M,260.0
A023655,0.0002022,0,0.00020219999999999998,0,R_17_M,261.0
A024268A,16.5,0,16.5,0,R_17_M,267.0
A024268B,0.0002022,0,0.00020219999999999998,0,R_17_M,268.0
A024270A,0.0002022,0,0.00020219999999999998,0,R_17_M,269.0
A024270B,0.0002022,0,0.00020219999999999998,0,R_17_M,270.0
A024762A,0.11,0,0.11,0,R_17_M,283.0
A024762B,0.0002022,0,0.00020219999999999998,0,R_17_M,284.0
A024891,0.0002022,0,0.00020219999999999998,0,R_17_M,296.0
A024892A,0.0002022,0,0.00020219999999999998,0,R_17_M,297.0
A024892B,0.0002022,0,0.00020219999999999998,0,R_17_M,298.0
A024905,0.0002022,0,0.00020219999999999998,0,R_17_M,299.0
A025010,0.0002022,0,0.00020219999999999998,0,R_17_M,304.0
A025021,0.01,0,0.01,0,R_17_M,306.0
A025301,0.0002022,0,0.00020219999999999998,0,R_17_M,312.0
A025363,0.000256,0,0.000256,0,R_17_M,314.0
A025393A,0.43,0,0.43,0,R_17_M,316.0
A025393B,0.0002022,0,0.00020219999999999998,0,R_17_M,317.0
A025939,0.0002022,0,0.00020219999999999998,0,R_17_M,326.0
A026233,0.59,0,0.59,0,R_17_M,332.0
A027149,0.0002022,0,0.00020219999999999998,0,R_17_M,350.0
A027478,0.0002022,0,0.00020219999999999998,0,R_17_M,355.0
A027479,2.8,0,2.8,0,R_17_M,356.0
A029397,0.0002022,0,0.00020219999999999998,0,R_17_M,374.0
A029405,11.83,0,11.83,0,R_17_M,375.0
A029462,0.34,0,0.34,0,R_17_M,376.0
A030391,0.0002022,0,0.00020219999999999998,0,R_17_M,403.0
D030601,0.12,0,0.12,0,R_17_M,405.0
S009293,0.0002022,0,0.00020219999999999998,0,R_17_M,2.0
S009294,0.0002022,0,0.00020219999999999998,0,R_17_M,3.0
S009295,0.0002022,0,0.00020219999999999998,0,R_17_M,4.0
S015686,0.35,0,0.35,0,R_17_M,6.0
A010915,0.0002022,0,0.00020219999999999998,0,R_18,41.0
A011315,0.24,0,0.24,0,R_18,43.0
A012330,0.0002022,0,0.00020219999999999998,0,R_18,47.0
A012877,0.0002022,0,0.00020219999999999998,0,R_18,52.0
A018522,0.0002022,0,0.00020219999999999998,0,R_18,159.0
A020798,0.0002022,0,0.00020219999999999998,0,R_18,205.0
A021658,0.0002022,0,0.00020219999999999998,0,R_18,219.0
A021919,0.0002022,0,0.00020219999999999998,0,R_18,224.0
A024761,0.0002022,0,0.00020219999999999998,0,R_18,282.0
A024780,0.0002022,0,0.00020219999999999998,0,R_18,286.0
A025325,0.0002022,0,0.00020219999999999998,0,R_18,313.0
A026298B,6.42,0,6.42,0,R_18,336.0
A029333,0.16,0,0.16,0,R_18,373.0
A029502,0.0002022,0,0.00020219999999999998,0,R_18,377.0
A029610,0.0002022,0,0.00020219999999999998,0,R_18,382.0
A030882,0.0002022,0,0.00020219999999999998,0,R_18,406.0
D030353,0.0002022,0,0.00020219999999999998,0,R_18,402.0
D031555,0.0002022,0,0.00020219999999999998,0,R_18,421.0
D031651,0.0002022,0,0.00020219999999999998,0,R_18,426.0
D032275,0.0002022,0,0.00020219999999999998,0,R_18,440.0
D032464,0.0002022,0,0.00020219999999999998,0,R_18,444.0
D032713,0.0002022,0,0.00020219999999999998,0,R_18,448.0
S008709,2.022e-05,0,2.022e-05,0,R_18,14.0
S025243,0.21,0,0.21,0,R_18,5.0
S025594,0.00273,0,0.00273,0,R_18,17.0
S025690,2.0,0,2.0,0,R_18,18.0
S027648,0.0002022,0,0.00020219999999999998,0,R_18,9.0
S027791,0.0002022,0,0.00020219999999999998,0,R_18,27.0
A010795,43.06,0,43.06,0,R_18_M,40.0
A010976,0.0002022,0,0.00020219999999999998,0,R_18_M,42.0
A012452,0.1,0,0.1,0,R_18_M,48.0
A013076,2.06,0,2.06,0,R_18_M,54.0
A013105,0.0002022,0,0.00020219999999999998,0,R_18_M,57.0
A013261,0.2,0,0.2,0,R_18_M,63.0
A013384,4.21,0,4.21,0,R_18_M,72.0
A013684A,0.0002022,0,0.00020219999999999998,0,R_18_M,80.0
A014178,0.0002022,0,0.00020219999999999998,0,R_18_M,100.0
A014604,0.03,0,0.03,0,R_18_M,106.0
A015736,0.0,1,820.0,100.0,R_18_M,9999.0
A015737,607.111,0,856.0,29.075817757009347,R_18_M,9998.0
A024865A01,0.0002022,0,0.00020219999999999998,0,R_18_M,292.0
A024865A02,0.33,0,0.33,0,R_18_M,293.0
A024865B,0.0002022,0,0.00020219999999999998,0,R_18_M,294.0
A027362,0.0002022,0,0.00020219999999999998,0,R_18_M,353.0
A029901,20.6,0,20.6,0,R_18_M,393.0
A031743,0.0002022,0,0.00020219999999999998,0,R_18_M,431.0
D032708,0.0002022,0,0.00020219999999999998,0,R_18_M,453.0
A007006,0.0002022,0,0.00020219999999999998,0,R_19,36.0
A009746,0.02,0,0.02,0,R_19,37.0
A009992,0.0002022,0,0.00020219999999999998,0,R_19,39.0
A021015,0.0002022,0,0.00020219999999999998,0,R_19,209.0
A028365,0.0002022,0,0.00020219999999999998,0,R_19,361.0
D030741,0.0002022,0,0.00020219999999999998,0,R_19,407.0
A025012,0.007672,0,0.007672,0,R_19_M,305.0
S009055,54.47,0,54.47,0,R_19_M,20.0
A009774,0.004603,0,0.004603,0,R_20,38.0
A016545,0.0002022,0,0.00020219999999999998,0,R_20,139.0
A020261,0.0002022,0,0.00020219999999999998,0,R_20,189.0
A020584,0.0002022,0,0.00020219999999999998,0,R_20,199.0
A024884,0.11,0,0.11,0,R_20,295.0
D032320,0.008204,0,0.008204000000000001,0,R_20,441.0
D032787,0.01,0,0.01,0,R_20,451.0
H501475,0.0002022,0,0.00020219999999999998,0,R_20,456.0
H501560,0.02,0,0.02,0,R_20,454.0
H504162,0.0002022,0,0.00020219999999999998,0,R_20,458.0
S024229,1.25,0,1.25,0,R_20,10.0
S028299,2.022e-05,0,2.022e-05,0,R_20,11.0
S028355,0.96,0,0.96,0,R_20,12.0
A015894,0.0002022,0,0.00020219999999999998,0,R_21,129.0
A018736,0.0002022,0,0.00020219999999999998,0,R_21,160.0
A019515,0.0002022,0,0.00020219999999999998,0,R_21,171.0
A020134,0.01,0,0.01,0,R_21,187.0
A020384,0.0002022,0,0.00020219999999999998,0,R_21,191.0
A021271,0.03,0,0.03,0,R_21,216.0
A021977,2.022e-05,0,2.022e-05,0,R_21,225.0
A022523,0.31,0,0.31,0,R_21,238.0
A024827,0.0002022,0,0.00020219999999999998,0,R_21,291.0
A025137,0.0002022,0,0.00020219999999999998,0,R_21,309.0
A025674,0.0002022,0,0.00020219999999999998,0,R_21,321.0
A025830,0.22,0,0.22,0,R_21,323.0
A025831,0.0002022,0,0.00020219999999999998,0,R_21,324.0
A026113,0.0002022,0,0.00020219999999999998,0,R_21,330.0
A026228,0.0002022,0,0.00020219999999999998,0,R_21,331.0
A027081,0.0002022,0,0.00020219999999999998,0,R_21,348.0
A027249,0.0002022,0,0.00020219999999999998,0,R_21,352.0
A028828,0.0002022,0,0.00020219999999999998,0,R_21,364.0
A028860,0.0002022,0,0.00020219999999999998,0,R_21,365.0
A029272,1.42,0,1.42,0,R_21,370.0
A030186,0.39,0,0.39,0,R_21,397.0
A031567,1.06,0,1.06,0,R_21,422.0
A032372,0.0002022,0,0.00020219999999999998,0,R_21,443.0
C000511,0.0002022,0,0.00020219999999999998,0,R_21,310.0
C000512,0.0002022,0,0.00020219999999999998,0,R_21,311.0
D030256,2.022e-05,0,2.022e-05,0,R_21,401.0
D030460,0.0002022,0,0.00020219999999999998,0,R_21,404.0
D032229,0.0002022,0,0.00020219999999999998,0,R_21,439.0
D032768,0.0002022,0,0.00020219999999999998,0,R_21,446.0
S009073,0.0002022,0,0.00020219999999999998,0,R_21,23.0
S025784,0.002044,0,0.002044,0,R_21,30.0
S025957,0.06,0,0.06,0,R_21,21.0
A013317,13.0,0,13.0,0,R_21_M,68.0
A019470,0.32,0,0.32,0,R_21_M,170.0
A022348,0.0002022,0,0.00020219999999999998,0,R_21_M,233.0
A024921,0.00583133,0,0.005831333,0,R_21_M,300.0
A024929,77.68,0,77.68,0,R_21_M,301.0
A024962,0.001534,0,0.001534,0,R_21_M,302.0
A024963,0.0002022,0,0.00020219999999999998,0,R_21_M,303.0
A031055,3.94,0,3.94,0,R_21_M,411.0
A031257,0.61,0,0.61,0,R_21_M,414.0
S009054,23.22,0,23.22,0,R_21_M,22.0
S024683,12.66,0,12.66,0,R_21_M,19.0
A017795,0.0002022,0,0.00020219999999999998,0,R_22,151.0
A022962,0.48,0,0.48,0,R_22,248.0
A026624,0.0002022,0,0.00020219999999999998,0,R_22,341.0
A030797,0.0002022,0,0.00020219999999999998,0,R_22,408.0
A031304,0.0002022,0,0.00020219999999999998,0,R_22,416.0
A031362,0.0002022,0,0.00020219999999999998,0,R_22,418.0
D031111,0.0002022,0,0.00020219999999999998,0,R_22,412.0
H032335,0.0002022,0,0.00020219999999999998,0,R_22,442.0
H508968,2.022e-05,0,2.022e-05,0,R_22,461.0
H509254,2.022e-05,0,2.022e-05,0,R_22,460.0
S000113,0.09,0,0.09,0,R_22,28.0
S000114,0.09,0,0.09,0,R_22,48.0
S000115,0.05,0,0.05,0,R_22,49.0
S000116,0.04,0,0.04,0,R_22,29.0
A013958,0.0002022,0,0.00020219999999999998,0,R_23,83.0
A014107,0.0002022,0,0.00020219999999999998,0,R_23,98.0
A014364,0.0002022,0,0.00020219999999999998,0,R_23,103.0
A015194,0.0002022,0,0.00020219999999999998,0,R_23,115.0
A015515,0.0002022,0,0.00020219999999999998,0,R_23,119.0
A015603,0.0002022,0,0.00020219999999999998,0,R_23,120.0
A016106,0.0002022,0,0.00020219999999999998,0,R_23,131.0
A017477,0.0002022,0,0.00020219999999999998,0,R_23,147.0
A017999,0.0002022,0,0.00020219999999999998,0,R_23,154.0
A019444,0.0002022,0,0.00020219999999999998,0,R_23,169.0
A019557,0.0002022,0,0.00020219999999999998,0,R_23,173.0
A019798,0.0002022,0,0.00020219999999999998,0,R_23,177.0
A019891,0.0002022,0,0.00020219999999999998,0,R_23,179.0
A020071,0.0002022,0,0.00020219999999999998,0,R_23,182.0
A020078,0.0002022,0,0.00020219999999999998,0,R_23,183.0
A020401,0.0002022,0,0.00020219999999999998,0,R_23,192.0
A020509,0.0002022,0,0.00020219999999999998,0,R_23,247.0
A020634,0.25,0,0.25,0,R_23,200.0
A021355,0.0002022,0,0.00020219999999999998,0,R_23,217.0
A021691,0.0002022,0,0.00020219999999999998,0,R_23,221.0
A022498,0.0002022,0,0.00020219999999999998,0,R_23,237.0
A022745,0.0002022,0,0.00020219999999999998,0,R_23,242.0
A023998,0.0002022,0,0.00020219999999999998,0,R_23,285.0
A024569,0.0002022,0,0.00020219999999999998,0,R_23,277.0
A024706,0.0002022,0,0.00020219999999999998,0,R_23,281.0
A025065,0.0002022,0,0.00020219999999999998,0,R_23,307.0
A026503,0.0002022,0,0.00020219999999999998,0,R_23,339.0
A026993,0.0002022,0,0.00020219999999999998,0,R_23,344.0
A029070,0.0002022,0,0.00020219999999999998,0,R_23,368.0
A029277,0.0002022,0,0.00020219999999999998,0,R_23,371.0
A029772,0.0002022,0,0.00020219999999999998,0,R_23,385.0
A029848,0.0002022,0,0.00020219999999999998,0,R_23,387.0
A029849,0.0002022,0,0.00020219999999999998,0,R_23,388.0
A029850,0.0002022,0,0.00020219999999999998,0,R_23,389.0
C001216,0.0002022,0,0.00020219999999999998,0,R_23,319.0
D032138,0.0002022,0,0.00020219999999999998,0,R_23,436.0
D032850,0.0002022,0,0.00020219999999999998,0,R_23,452.0
A006926,0.02,0,0.02,0,R_24,35.0
A011859,2.022e-05,0,2.022e-05,0,R_24,45.0
A012773,0.0002022,0,0.00020219999999999998,0,R_24,51.0
A014870,0.0002022,0,0.00020219999999999998,0,R_24,111.0
A018192,0.0002022,0,0.00020219999999999998,0,R_24,156.0
A018849,0.06,0,0.06,0,R_24,161.0
A020435,0.0002022,0,0.00020219999999999998,0,R_24,193.0
A021081,0.0002022,0,0.00020219999999999998,0,R_24,211.0
A022342,0.0002022,0,0.00020219999999999998,0,R_24,232.0
A022919,0.0002022,0,0.00020219999999999998,0,R_24,245.0
A023915,0.0002022,0,0.00020219999999999998,0,R_24,263.0
A024644,0.0002022,0,0.00020219999999999998,0,R_24,278.0
A024783,0.0002022,0,0.00020219999999999998,0,R_24,288.0
A025773,0.0002022,0,0.00020219999999999998,0,R_24,322.0
A025940,2.022e-05,0,2.022e-05,0,R_24,327.0
A026240,0.0002022,0,0.00020219999999999998,0,R_24,334.0
A026241,1.4,0,1.4,0,R_24,333.0
A027046,0.0002022,0,0.00020219999999999998,0,R_24,347.0
A027158,0.0002022,0,0.00020219999999999998,0,R_24,351.0
A028386,2.022e-05,0,2.022e-05,0,R_24,362.0
A029044,0.0002022,0,0.00020219999999999998,0,R_24,367.0
A029858,0.0002022,0,0.00020219999999999998,0,R_24,390.0
A031501,0.0002022,0,0.00020219999999999998,0,R_24,420.0
D031602,0.0002022,0,0.00020219999999999998,0,R_24,424.0
D031671,0.0002022,0,0.00020219999999999998,0,R_24,427.0
D032062,0.0002022,0,0.00020219999999999998,0,R_24,435.0
D032149,0.0002022,0,0.00020219999999999998,0,R_24,437.0
D032166,0.0002022,0,0.00020219999999999998,0,R_24,438.0
D032188,0.0002022,0,0.00020219999999999998,0,R_24,447.0
H506517,0.0002022,0,0.00020219999999999998,0,R_24,459.0
S015825,0.04,0,0.04,0,R_24,16.0
A001205,0.0002022,0,0.00020219999999999998,0,R_24_M,32.0
A013163,0.0002022,0,0.00020219999999999998,0,R_24_M,60.0
A013269,0.0002022,0,0.00020219999999999998,0,R_24_M,66.0
A013376,0.0002022,0,0.00020219999999999998,0,R_24_M,71.0
A013393,17.16,0,17.16,0,R_24_M,73.0
A014379,0.0002022,0,0.00020219999999999998,0,R_24_M,104.0
A015720,0.0002022,0,0.00020219999999999998,0,R_24_M,123.0
A015724,0.1,0,0.1,0,R_24_M,124.0
A017081,0.1,0,0.1,0,R_24_M,143.0
A022038,0.0002022,0,0.00020219999999999998,0,R_24_M,226.0
A022767,0.0002022,0,0.00020219999999999998,0,R_24_M,243.0
A024271A,0.0002022,0,0.00020219999999999998,0,R_24_M,271.0
A024271B,0.0002022,0,0.00020219999999999998,0,R_24_M,272.0
A024301,0.0002022,0,0.00020219999999999998,0,R_24_M,274.0
A025869,0.0002022,0,0.00020219999999999998,0,R_24_M,325.0
A029802,0.0002022,0,0.00020219999999999998,0,R_24_M,386.0
A031719,0.0002022,0,0.00020219999999999998,0,R_24_M,429.0
S009299,2.022e-05,0,2.022e-05,0,R_24_M,13.0
S010034,1.23,0,1.23,0,R_24_M,15.0
A012483,0.0002022,0,0.00020219999999999998,0,R_25,49.0
A012510,0.0002022,0,0.00020219999999999998,0,R_25,50.0
A013256,0.0002022,0,0.00020219999999999998,0,R_25,62.0
A013301,3.31,0,3.31,0,R_25,67.0
A013586,0.0002022,0,0.00020219999999999998,0,R_25,77.0
A015685,0.0002022,0,0.00020219999999999998,0,R_25,122.0
A020147,0.0002022,0,0.00020219999999999998,0,R_25,188.0
A020491,0.0002022,0,0.00020219999999999998,0,R_25,194.0
A022583,0.0002022,0,0.00020219999999999998,0,R_25,239.0
A022667,0.0002022,0,0.00020219999999999998,0,R_25,241.0
A024412,0.0002022,0,0.00020219999999999998,0,R_25,275.0
A001029,2.88,0,2.88,0,R_26,31.0
A013330,0.0002022,0,0.00020219999999999998,0,R_26,69.0
A014966,0.0002022,0,0.00020219999999999998,0,R_26,114.0
A019806,0.0002022,0,0.00020219999999999998,0,R_26,178.0
A020920,0.0002022,0,0.00020219999999999998,0,R_26,206.0
A021148,0.0002022,0,0.00020219999999999998,0,R_26,212.0
A021156,0.0002022,0,0.00020219999999999998,0,R_26,213.0
A027022,0.0002022,0,0.00020219999999999998,0,R_26,345.0
A029332,0.0002022,0,0.00020219999999999998,0,R_26,372.0
A012100,0.0002022,0,0.00020219999999999998,0,R_27,46.0
A013221,0.0002022,0,0.00020219999999999998,0,R_27,61.0
A013527,0.0002022,0,0.00020219999999999998,0,R_27,75.0
A013539,0.00158567,0,0.001585667,0,R_27,76.0
A013975,0.0002022,0,0.00020219999999999998,0,R_27,84.0
A014092,0.0002022,0,0.00020219999999999998,0,R_27,97.0
A014767,0.0002022,0,0.00020219999999999998,0,R_27,109.0
A014797,0.0002022,0,0.00020219999999999998,0,R_27,110.0
A016190,0.0002022,0,0.00020219999999999998,0,R_27,132.0
A016478,0.0002022,0,0.00020219999999999998,0,R_27,136.0
A016527,0.0002022,0,0.00020219999999999998,0,R_27,138.0
A016904,0.0002022,0,0.00020219999999999998,0,R_27,141.0
A018277,0.0002022,0,0.00020219999999999998,0,R_27,158.0
A018958,0.0002022,0,0.00020219999999999998,0,R_27,162.0
A018963,0.0002022,0,0.00020219999999999998,0,R_27,163.0
A019422,0.0002022,0,0.00020219999999999998,0,R_27,168.0
A020127,0.0002022,0,0.00020219999999999998,0,R_27,185.0
A021817,0.0002022,0,0.00020219999999999998,0,R_27,222.0
A022431,0.0002022,0,0.00020219999999999998,0,R_27,235.0
A023027,0.0002022,0,0.00020219999999999998,0,R_27,249.0
A023058,0.0002022,0,0.00020219999999999998,0,R_27,250.0
A023144,0.07,0,0.07,0,R_27,254.0
A023328,0.0002022,0,0.00020219999999999998,0,R_27,258.0
A024004,0.0002022,0,0.00020219999999999998,0,R_27,264.0
A024247,0.0002022,0,0.00020219999999999998,0,R_27,266.0
A026740,0.0002022,0,0.00020219999999999998,0,R_27,342.0
A026975,0.0002022,0,0.00020219999999999998,0,R_27,343.0
A027424,0.0002022,0,0.00020219999999999998,0,R_27,354.0
A028370,0.0002022,0,0.00020219999999999998,0,R_27,359.0
A029515,0.0002022,0,0.00020219999999999998,0,R_27,379.0
A030124,0.0002022,0,0.00020219999999999998,0,R_27,398.0
A031620,0.0002022,0,0.00020219999999999998,0,R_27,425.0
A031737,0.0002022,0,0.00020219999999999998,0,R_27,430.0
C000028,0.0002022,0,0.00020219999999999998,0,R_27,289.0
H501640,0.0002022,0,0.00020219999999999998,0,R_27,455.0
L032966,2.022e-05,0,2.022e-05,0,R_27,457.0
S004711,0.0002022,0,0.00020219999999999998,0,R_27,8.0
A017919,0.0002022,0,0.00020219999999999998,0,R_28,153.0
A019013,0.0002022,0,0.00020219999999999998,0,R_28,164.0
A019652,0.66,0,0.66,0,R_28,175.0
A024817,0.0002022,0,0.00020219999999999998,0,R_28,290.0
A027143,0.0002022,0,0.00020219999999999998,0,R_28,349.0
C001166,0.0002022,0,0.00020219999999999998,0,R_28,318.0
D031331,0.0002022,0,0.00020219999999999998,0,R_28,417.0
