USER,RIPARIAN,BASIN,MAINSTEM_RR,UPPER_RUSSIAN,PRIORITY,PRIORITY_CLASS,2022-01,2022-02,2022-03,2022-04,2022-05,2022-06,2022-07,2022-08,2022-09,2022-10,2022-11,2022-12,NULL_DEMAND,ZERO_DEMAND,MAY_SEPT_ZERO_DEMAND
S008714,N,R_02_M,Y,Y,18,PRE-1914,0.0002022,0.0002022,0.0002022,0.0002022,0.0002022,0.0002022,0.0002022,0.0002022,0.0002022,0.0002022,0.0002022,0.0002022,N,Y,Y
A011383,N,R_02_M,Y,Y,71,PRE-1949+1949,0.0002022,0.0002022,0.0002022,0.0002022,0.0002022,2.666666667,10.19966667,19.45333333,21.71366667,9.603,0.0002022,0.0002022,N,N,N
A013529,N,R_02_M,Y,Y,99,1950-1952,0.0002022,0.0002022,3.833333333,3.0,3.316666667,3.706666667,4.226666667,1.036666667,2.54,3.583333333,0.0002022,0.0002022,N,N,N
A013706,N,R_02_M,Y,Y,107,1950-1952,0.0002022,0.0002022,0.0002022,1.260666667,1.260666667,1.260666667,1.534666667,1.534666667,1.534666667,1.260666667,0.0002022,0.0002022,N,N,N
A014259A,N,R_02_M,Y,Y,150,1950-1952,0.0002022,0.0002022,0.0002022,0.0002022,12.0,12.0,12.0,12.0,12.0,0.0002022,0.0002022,0.0002022,N,N,N
A013557,N,R_02_M,Y,Y,101,PVID,0.0,0.0,0.0,0.0,0.0,0.0,0.0,0.0,0.0,0.0,0.0,0.0,N,N,N
A016472,N,R_02_M,Y,Y,233,1955-1956,0.0002022,0.0002022,0.0002022,0.0002022,0.0002022,0.0002022,0.0002022,0.0002022,0.0002022,0.0002022,0.0002022,0.0002022,N,Y,Y
A017508,N,R_02_M,Y,Y,256,1957-1959,0.0002022,0.0002022,0.0002022,0.0002022,10.0,30.0,30.0,30.0,30.0,20.0,0.0002022,0.0002022,N,N,N
A017881,N,R_02_M,Y,Y,265,1957-1959,0.0002022,0.0002022,0.0002022,0.0002022,0.0002022,5.94,6.376666667,7.323333333,3.51,4.823333333,0.0002022,0.0002022,N,N,N
A019071,N,R_02_M,Y,Y,283,1957-1959,0.0002022,0.0002022,0.0002022,2.0,10.0,10.0,10.0,10.0,10.0,2.0,0.0002022,0.0002022,N,N,N
A022378,N,R_02_M,Y,Y,356,1960-1970,0.0002022,0.0002022,0.0002022,0.0002022,0.5539999999999999,6.905333333,9.101666667,3.586666667,3.818666667,7.263,0.0002022,0.0002022,N,N,N
A022433,N,R_02_M,Y,Y,359,1960-1970,0.0002022,0.0002022,0.0002022,0.0002022,0.0002022,0.0002022,0.0002022,0.0002022,0.0002022,0.0002022,0.0002022,0.0002022,N,Y,Y
A023213,N,R_02_M,Y,Y,380,1960-1970,0.0002022,0.0002022,0.0002022,0.0002022,25.0,60.0,60.0,60.0,50.0,30.0,0.0002022,0.0002022,N,N,N
A023338,N,R_02_M,Y,Y,388,1960-1970,0.0002022,0.0002022,0.0002022,8.933333333,4.266666667,4.4,9.8,3.266666667,4.2,0.0002022,0.0002022,0.0002022,N,N,N
A023339,N,R_02_M,Y,Y,389,1960-1970,0.0002022,0.0002022,0.0002022,0.0002022,0.053333333,1.6533333330000002,1.6533333330000002,1.6533333330000002,1.6533333330000002,1.6533333330000002,0.0002022,0.0002022,N,N,N
A023534A,N,R_02_M,Y,Y,398,1960-1970,0.0002022,0.0002022,1.9,2.01,0.976666667,0.43,0.46333333299999996,0.45333333299999995,0.303333333,0.146666667,0.0002022,0.0002022,N,N,N
A023534B,N,R_02_M,Y,Y,399,1960-1970,0.0002022,0.0002022,0.0002022,18.33333333,9.0,6.666666667,6.666666667,6.666666667,6.666666667,6.333333333,0.0002022,0.0002022,N,N,N
A023629,N,R_02_M,Y,Y,406,1960-1970,0.0002022,0.0002022,8.166666667000001,5.0,5.4,5.733333332999999,7.166666667,1.4313333330000002,2.638,7.3666666670000005,0.0002022,0.0002022,N,N,N
A023700,N,R_02_M,Y,Y,418,1971-1990,0.0002022,0.0002022,0.0002022,0.0002022,0.0002022,0.0002022,0.0002022,0.0002022,0.0002022,0.0002022,0.0002022,0.0002022,N,Y,Y
A023916,N,R_02_M,Y,Y,435,1971-1990,0.0002022,0.0002022,0.0002022,0.0002022,0.009206667,0.034753333,0.034753333,0.034753333,0.034753333,0.0002022,0.0002022,0.0002022,N,N,N
A024163,N,R_02_M,Y,Y,457,1971-1990,0.0002022,0.0002022,0.0002022,0.0002022,0.479175333,0.752900667,0.913155333,0.749632667,0.408827667,0.198945667,0.0002022,0.0002022,N,N,N
A024209A,N,R_02_M,Y,Y,460,1971-1990,0.0002022,0.0002022,8.166666667000001,5.0,5.766666667000001,8.833333332999999,14.34333333,3.641333333,3.5146666669999997,13.46666667,0.0002022,0.0002022,N,N,N
A024209B,N,R_02_M,Y,Y,461,1971-1990,0.0002022,0.0002022,4.166666667,3.833333333,6.6,21.16666667,22.51,14.27666667,10.81,17.3,0.0002022,0.0002022,N,N,N
A024318,N,R_02_M,Y,Y,470,1971-1990,0.0002022,0.0002022,0.0002022,0.0002022,0.0002022,0.0002022,0.0002022,0.0002022,0.0002022,0.0002022,0.0002022,0.0002022,N,Y,Y
A024571A,N,R_02_M,Y,Y,485,1971-1990,0.0002022,0.0002022,8.033333333,8.433333333,5.533333333,6.766666667000001,7.733333332999999,3.066666667,5.4,8.166666667000001,0.0002022,0.0002022,N,N,N
A024571B,N,R_02_M,Y,Y,486,1971-1990,0.0002022,0.0002022,3.333333333,1.6666666669999999,3.666666667,14.33333333,11.0,10.83333333,6.666666667,6.666666667,0.0002022,0.0002022,N,N,N
A024995,N,R_02_M,Y,Y,536,1971-1990,0.0002022,0.0002022,0.0002022,0.0002022,0.0002022,0.0002022,0.0002022,0.0002022,0.0002022,0.0002022,0.0002022,0.0002022,N,Y,Y
A026016,N,R_02_M,Y,Y,583,1971-1990,0.0002022,0.0002022,0.0002022,0.0002022,0.0002022,0.0002022,0.0002022,0.0002022,0.005114667,0.005114667,0.0002022,0.0002022,N,N,N
A026470,N,R_02_M,Y,Y,602,1971-1990,0.0002022,0.0002022,0.0002022,0.0002022,0.0002022,0.0002022,0.0002022,0.0002022,0.0002022,0.0002022,0.0002022,0.0002022,N,Y,Y
A028668,N,R_02_M,Y,Y,648,1971-1990,0.0002022,0.0002022,0.0002022,0.0002022,0.0002022,0.0002022,0.0002022,0.0002022,0.0002022,0.0002022,0.0002022,0.0002022,N,Y,Y
L032271,N,R_02_M,Y,Y,835,1991-PRESENT,0.0002022,0.0002022,0.0002022,0.0002022,0.000265,5.2300000000000004e-05,0.004783333,0.026625667000000002,0.030263332999999996,0.021666,0.003571,0.0002022,N,N,N
A023481,N,R_03_M,Y,Y,395,1960-1970,0.0002022,0.0002022,0.0002022,0.0002022,0.0002022,0.0002022,0.0002022,0.0002022,0.0002022,0.0002022,0.0002022,0.0002022,N,Y,Y
A012919A,N,R_03_M,Y,Y,10000,SCWA + RRFC (1949),9523.333333,4503.333333,8425.333333,12960.66667,1804.3333329999998,0.0002022,0.0002022,0.0002022,0.0002022,592.3333332999999,1159.333333,5230.333333,N,N,N
A012919B,N,R_03_M,Y,Y,76,SCWA + RRFC (1949),25.36,40.55333333,100.7733333,73.16333333,147.08,444.8866666999999,992.43,1228.916667,833.2266667,522.38,193.6566667,55.67666667,N,N,N
A024955,N,R_03_M,Y,Y,526,1971-1990,0.0002022,0.0002022,0.0002022,18.51333333,0.0002022,0.0002022,0.0002022,0.0002022,0.0002022,0.0002022,0.0002022,0.0002022,N,N,Y
A025691,N,R_03_M,Y,Y,566,1971-1990,0.0002022,0.0002022,0.0002022,0.0002022,0.0002022,0.0002022,0.0002022,0.0002022,0.0002022,0.0002022,0.0002022,0.0002022,N,Y,Y
A024457,N,R_04_M,Y,Y,481,1971-1990,3.666666667,5.666666667,6.5,0.666666667,0.0002022,0.0002022,0.0002022,0.0002022,0.0002022,0.0002022,0.0002022,0.0002022,N,N,Y
A001983,N,R_04_M,Y,Y,54,PRE-1949+1949,2.022e-05,2.022e-05,2.022e-05,2.022e-05,2.022e-05,2.022e-05,2.022e-05,2.022e-05,2.022e-05,2.022e-05,2.022e-05,2.022e-05,Y,N,N
A003421,N,R_04_M,Y,Y,57,PRE-1949+1949,0.0002022,0.0002022,0.0002022,0.0002022,0.0002022,0.0002022,0.0002022,0.0002022,0.0002022,0.0002022,0.0002022,0.0002022,N,Y,Y
A003601,N,R_04_M,Y,Y,59,PRE-1949+1949,0.0002022,0.0002022,0.0002022,0.0002022,0.0002022,4.326666667,4.863333333,2.2633333330000003,0.0002022,0.0002022,0.0002022,0.0002022,N,N,N
A004832,N,R_04_M,Y,Y,62,PRE-1949+1949,0.0002022,0.0002022,0.0002022,0.0002022,0.0002022,6.333333333,16.33333333,10.46666667,0.0002022,0.0002022,0.0002022,0.0002022,N,N,N
A012958,N,R_04_M,Y,Y,78,PRE-1949+1949,0.0002022,0.0002022,0.0002022,0.0002022,2.0,18.43,18.31666667,43.33,20.10666667,0.0002022,0.0002022,0.0002022,N,N,N
A013270,N,R_04_M,Y,Y,88,PRE-1949+1949,0.0002022,0.0002022,0.0002022,0.0002022,0.0002022,13.74666667,14.84666667,8.316666667,6.163333333,0.0002022,0.0002022,0.0002022,N,N,N
A013287,N,R_04_M,Y,Y,91,PRE-1949+1949,0.0002022,0.0002022,1.033333333,1.533333333,2.666666667,2.8,4.533333333,2.866666667,1.3,1.033333333,0.0002022,0.0002022,N,N,N
A013288,N,R_04_M,Y,Y,92,PRE-1949+1949,0.0002022,0.0002022,0.0002022,0.0002022,0.0002022,8.766666667,9.7,7.733333332999999,6.5,8.9,0.0002022,0.0002022,N,N,N
A013973,N,R_04_M,Y,Y,126,1950-1952,0.0002022,0.0002022,0.0002022,0.012930333,0.7503483329999999,0.786025333,0.7864066670000001,0.7584873329999999,0.713363333,0.621459,0.047956333,0.004981667,N,N,N
A013974,N,R_04_M,Y,Y,127,1950-1952,0.0002022,0.0002022,0.0002022,0.0002022,0.0002022,0.0002022,0.0002022,0.0002022,0.0002022,0.0002022,0.0002022,0.0002022,N,Y,Y
A014160,N,R_04_M,Y,Y,144,1950-1952,0.0002022,0.0002022,0.0002022,0.0002022,0.0002022,0.0002022,0.0002022,0.0002022,0.0002022,0.0002022,0.0002022,0.0002022,N,Y,Y
A014624,N,R_04_M,Y,Y,159,1950-1952,0.0002022,0.0002022,0.0002022,0.0002022,0.0002022,0.0002022,0.0002022,0.0002022,0.0002022,0.0002022,0.0002022,0.0002022,N,Y,Y
A014916A,N,R_04_M,Y,Y,175,1950-1952,0.0002022,0.0002022,0.0002022,0.0002022,1.13,3.423333333,4.953333333,4.336666667,0.0002022,0.0002022,0.0002022,0.0002022,N,N,N
A014916B,N,R_04_M,Y,Y,176,1950-1952,0.0002022,0.0002022,0.0002022,0.0002022,0.556666667,1.5733333330000001,2.056666667,1.766666667,5.126666667,0.306666667,0.0002022,0.0002022,N,N,N
A015158A,N,R_04_M,Y,Y,181,1953-1954,2.022e-05,2.022e-05,2.022e-05,2.022e-05,2.022e-05,2.022e-05,2.022e-05,2.022e-05,2.022e-05,2.022e-05,2.022e-05,2.022e-05,Y,N,N
A015158B,N,R_04_M,Y,Y,182,1953-1954,2.022e-05,2.022e-05,2.022e-05,2.022e-05,2.022e-05,2.022e-05,2.022e-05,2.022e-05,2.022e-05,2.022e-05,2.022e-05,2.022e-05,Y,N,N
A015168,N,R_04_M,Y,Y,183,1953-1954,0.0002022,0.0002022,0.0002022,0.0002022,0.0002022,0.583333333,7.696666667000001,2.306666667,1.39,0.0002022,0.0002022,0.0002022,N,N,N
A015329A,N,R_04_M,Y,Y,188,1953-1954,0.0002022,0.0002022,0.0002022,0.0002022,0.0002022,0.0002022,0.0002022,0.0002022,0.0002022,0.0002022,0.0002022,0.0002022,N,Y,Y
A015329B,N,R_04_M,Y,Y,189,1953-1954,0.0002022,0.0002022,0.0002022,0.0055,0.0083,0.0083,0.0083,0.011000000000000001,0.011000000000000001,0.0092,0.0002022,0.0002022,N,N,N
A015677,N,R_04_M,Y,Y,199,1953-1954,0.0002022,0.0002022,0.0002022,0.0002022,0.0002022,0.0002022,0.26,0.0002022,0.0002022,0.0002022,0.0002022,0.0002022,N,N,N
A015678,N,R_04_M,Y,Y,200,1953-1954,2.022e-05,2.022e-05,2.022e-05,2.022e-05,2.022e-05,2.022e-05,2.022e-05,2.022e-05,2.022e-05,2.022e-05,2.022e-05,2.022e-05,Y,N,N
A015704,N,R_04_M,Y,Y,201,1953-1954,117.86666670000001,89.56666667,98.7,99.16666667,112.16666670000001,162.6,171.1,176.4666667,119.13333329999999,57.8,37.13333333,75.53333333,N,N,N
A015796,N,R_04_M,Y,Y,213,1953-1954,0.0002022,0.0002022,0.0002022,0.0002022,0.0002022,0.0002022,0.0002022,0.0002022,0.0002022,0.0002022,0.0002022,0.0002022,N,Y,Y
A016155,N,R_04_M,Y,Y,220,1953-1954,0.0002022,0.0002022,0.0002022,0.0002022,1.6666666669999999,7.233333332999999,9.283333333,6.833333333,4.733333333,0.0002022,0.0002022,0.0002022,N,N,N
A016416,N,R_04_M,Y,Y,230,1955-1956,0.0002022,0.0002022,0.0002022,0.0002022,0.0002022,0.0002022,0.0002022,0.0002022,0.0002022,0.0002022,0.0002022,0.0002022,N,Y,Y
A017232,N,R_04_M,Y,Y,252,1955-1956,39.30333333,35.45,41.92,43.37666667,64.76,48.61,0.0002022,0.0002022,0.0002022,0.0002022,31.97666667,36.93,N,N,N
A017587,N,R_04_M,Y,Y,257,1957-1959,32.15,32.07,33.29,44.47,58.61,66.22,0.0002022,0.0002022,0.0002022,0.0002022,62.56,31.09,N,N,N
A021126,N,R_04_M,Y,Y,310,1960-1970,0.0002022,0.0002022,0.0002022,0.0002022,18.88333333,27.24,28.12,22.45333333,0.0002022,0.0002022,0.0002022,0.0002022,N,N,N
A021838,N,R_04_M,Y,Y,334,1960-1970,0.0002022,0.0002022,0.0002022,0.0002022,0.833333333,3.6,4.566666667,3.5,2.4666666669999997,0.0002022,0.0002022,0.0002022,N,N,N
A021870,N,R_04_M,Y,Y,335,1960-1970,0.0002022,0.0002022,0.0002022,0.0002022,0.0002022,0.0002022,0.0002022,0.0002022,0.0002022,0.0002022,0.0002022,0.0002022,N,Y,Y
A022005B,N,R_04_M,Y,Y,348,1960-1970,0.0002022,0.0002022,0.0002022,0.0002022,0.0002022,0.0002022,0.0002022,0.0002022,0.0002022,0.0002022,0.0002022,0.0002022,N,Y,Y
A022208,N,R_04_M,Y,Y,353,1960-1970,0.0002022,0.0002022,0.0002022,0.0002022,0.0002022,5.583333333,5.0033333330000005,2.2433333330000003,4.7466666669999995,0.10333333300000001,0.0002022,0.0002022,N,N,N
A022306,N,R_04_M,Y,Y,355,1960-1970,0.0002022,0.0002022,0.0002022,0.0002022,0.89,1.966666667,2.1,1.6,1.233333333,1.15,0.0002022,0.0002022,N,N,N
A022815,N,R_04_M,Y,Y,368,1960-1970,0.0002022,0.0002022,0.0002022,0.0002022,2.666666667,3.6,7.033333333,7.5,4.233333333,0.0002022,0.0002022,0.0002022,N,N,N
A022881,N,R_04_M,Y,Y,369,1960-1970,0.0002022,0.0002022,0.0002022,0.0002022,0.0002022,0.0002022,0.0002022,0.0002022,0.0002022,0.0002022,0.0002022,0.0002022,N,Y,Y
A023035,N,R_04_M,Y,Y,371,1960-1970,0.0002022,0.0002022,0.0002022,0.0002022,0.0002022,0.0002022,0.0002022,0.0002022,0.0002022,0.0002022,0.0002022,0.0002022,N,Y,Y
A023039,N,R_04_M,Y,Y,372,1960-1970,0.0002022,0.0002022,0.0002022,0.0002022,5.203333333,15.03333333,17.18333333,14.07,9.153333332999999,4.893333333,0.0002022,0.0002022,N,N,N
A023040,N,R_04_M,Y,Y,373,1960-1970,0.0002022,0.0002022,0.0002022,0.0002022,2.396666667,12.21,15.36,14.25666667,8.9,3.96,0.0002022,0.0002022,N,N,N
A023163,N,R_04_M,Y,Y,377,1960-1970,0.0002022,0.0002022,0.0002022,1.203333333,1.176666667,4.756666667,6.683333332999999,6.5766666670000005,3.476666667,0.72,0.0002022,0.0002022,N,N,N
A023817,N,R_04_M,Y,Y,426,1971-1990,0.0002022,0.0002022,0.0002022,0.0002022,0.0002022,0.0002022,0.0002022,0.0002022,0.0002022,0.0002022,0.0002022,0.0002022,N,Y,Y
A024645,N,R_04_M,Y,Y,491,1971-1990,0.666666667,0.666666667,0.0002022,0.0002022,0.0002022,0.0002022,0.0002022,0.0002022,0.0002022,0.0002022,0.0002022,0.333333333,N,N,Y
A024820,N,R_04_M,Y,Y,506,1971-1990,0.0002022,0.0002022,0.0002022,0.0002022,0.0002022,2.9,3.633333333,3.8,2.133333333,0.0002022,0.0002022,0.0002022,N,N,N
A029406,N,R_04_M,Y,Y,675,1971-1990,0.0002022,0.0002022,0.0002022,0.0002022,0.0002022,1.033517333,0.0002022,0.0002022,0.0002022,0.0002022,0.0002022,0.0002022,N,N,N
A029591,N,R_04_M,Y,Y,671,1971-1990,0.0002022,0.0002022,0.5,1.333333333,0.0002022,0.0002022,0.0002022,0.0002022,0.0002022,0.0002022,0.0002022,0.0002022,N,N,Y
A029592,N,R_04_M,Y,Y,672,1971-1990,0.0002022,0.0002022,0.0002022,0.666666667,28.33333333,31.66666667,0.0002022,0.0002022,0.0002022,0.0002022,0.0002022,0.0002022,N,N,N
A029723,N,R_04_M,Y,Y,696,1971-1990,0.0002022,0.0002022,1.0,5.252333333,0.566666667,0.0002022,0.0002022,0.0002022,0.0002022,0.0002022,0.0002022,0.0002022,N,N,N
A030036,N,R_04_M,Y,Y,701,1991-PRESENT,0.0002022,0.166666667,2.666666667,3.733333333,0.833333333,0.0002022,0.0002022,0.0002022,0.0002022,0.0002022,0.0002022,0.0002022,N,N,N
H505997,N,R_04_M,Y,Y,876,1991-PRESENT,0.0002022,0.0002022,0.0002022,0.0002022,0.0002022,0.0002022,0.0002022,0.0002022,0.0002022,0.0002022,0.0002022,0.0002022,N,Y,Y
S015365,N,R_04_M,Y,Y,5,PRE-1914,0.0002022,0.0002022,0.0002022,0.0002022,0.0002022,0.0002022,0.0002022,0.0002022,0.0002022,0.0002022,0.0002022,0.0002022,N,Y,Y
S019766,N,R_04_M,Y,Y,52,PRE-1914,17.73333333,12.93333333,13.8,24.66666667,34.23333333,10.5,8.166666667000001,0.0002022,0.0002022,13.06666667,22.66666667,25.73333333,N,N,N
S019769,N,R_04_M,Y,Y,53,PRE-1914,2.266666667,0.0002022,0.0002022,2.166666667,71.2,116.33333329999999,164.0333333,172.2,166.6,159.1,119.46666670000002,23.5,N,N,N
A004308,N,R_05_M,Y,Y,61,PRE-1949+1949,0.0002022,0.0002022,0.0002022,0.0002022,0.0002022,2.693333333,2.61,2.16,1.3033333329999999,0.0002022,0.0002022,0.0002022,N,N,N
A006854,N,R_05_M,Y,Y,66,PRE-1949+1949,0.0002022,0.0002022,0.0002022,0.0002022,0.0002022,0.0002022,0.0002022,0.0002022,0.0002022,0.0002022,0.0002022,0.0002022,N,Y,Y
A006855,N,R_05_M,Y,Y,67,PRE-1949+1949,0.0002022,0.0002022,0.0002022,0.0002022,0.18,2.47,4.013333333,3.153333333,0.0002022,0.0002022,0.0002022,0.0002022,N,N,N
A013528,N,R_05_M,Y,Y,98,1950-1952,0.0002022,0.0002022,0.0002022,0.0002022,1.446666667,2.7233333330000002,4.903333333,3.69,2.416666667,1.11,0.0002022,0.0002022,N,N,N
A014206,N,R_05_M,Y,Y,146,1950-1952,0.0002022,0.0002022,0.0002022,0.0002022,0.25,0.75,0.75,0.75,0.4,0.0002022,0.0002022,0.0002022,N,N,N
A014304,N,R_05_M,Y,Y,151,1950-1952,0.0002022,0.0002022,0.0002022,0.0002022,0.0002022,0.0002022,0.0002022,0.0002022,0.0002022,0.0002022,0.0002022,0.0002022,N,Y,Y
A014539,N,R_05_M,Y,Y,158,1950-1952,0.0002022,0.0002022,0.0002022,0.0002022,0.933333333,4.2,0.0002022,0.0002022,0.0002022,0.0002022,0.0002022,0.0002022,N,N,N
A014997A,N,R_05_M,Y,Y,177,1950-1952,0.0002022,0.0002022,0.0002022,0.0002022,1.239666667,5.133666667,8.889666667,7.164,2.895666667,1.245666667,0.0002022,0.0002022,N,N,N
A014997B,N,R_05_M,Y,Y,178,1950-1952,0.0002022,0.0002022,0.0002022,0.0002022,0.333333333,0.4,2.51,3.2966666669999998,2.57,0.546666667,0.0002022,0.0002022,N,N,N
A015157,N,R_05_M,Y,Y,180,1953-1954,0.0002022,0.0002022,0.0002022,0.0002022,0.0002022,0.0002022,5.8666666670000005,3.066666667,0.0002022,0.0002022,0.0002022,0.0002022,N,N,N
A015721,N,R_05_M,Y,Y,202,1953-1954,0.0002022,0.0002022,0.0002022,0.0002022,0.0002022,24.43333333,61.46333333,61.46333333,59.11666667,57.03,14.46666667,5.333333333,N,N,N
A015780,N,R_05_M,Y,Y,210,1953-1954,0.0002022,0.0002022,0.0002022,0.0002022,14.5,73.66666667,85.0,23.33333333,53.33333333,5.0,0.0002022,0.0002022,N,N,N
A015781,N,R_05_M,Y,Y,211,1953-1954,0.0002022,0.0002022,0.0002022,0.0002022,0.0002022,0.0002022,3.183333333,2.656666667,6.0766666670000005,6.04,0.6333333329999999,0.0002022,N,N,N
A015782,N,R_05_M,Y,Y,212,1953-1954,0.0002022,0.0002022,0.0002022,0.0002022,2.333333333,5.666666667,6.333333333,5.0,2.333333333,0.0002022,0.0002022,0.0002022,N,N,N
A016308,N,R_05_M,Y,Y,222,1955-1956,0.0002022,0.0002022,0.0002022,0.0002022,0.0002022,1.097333333,2.3369999999999997,1.466666667,3.519666667,0.166666667,0.0002022,0.0002022,N,N,N
A016758,N,R_05_M,Y,Y,241,1955-1956,0.0002022,0.0002022,0.0002022,0.96,1.213333333,3.636666667,2.87,2.356666667,1.3866666669999999,2.023333333,0.0002022,0.0002022,N,N,N
A017366,N,R_05_M,Y,Y,255,1955-1956,0.0002022,0.0002022,0.0002022,0.0002022,0.25,0.41666666700000005,0.833333333,1.0,1.0,1.0,0.0002022,0.0002022,N,N,N
A017622,N,R_05_M,Y,Y,258,1957-1959,0.0002022,0.0002022,0.0002022,0.0002022,0.596666667,1.02,1.64,1.233333333,0.916666667,0.37,0.0002022,0.0002022,N,N,N
A017624,N,R_05_M,Y,Y,259,1957-1959,0.0002022,0.0002022,0.0002022,0.0002022,1.3133333329999999,33.86666667,0.0002022,0.0002022,0.0002022,0.0002022,0.0002022,0.0002022,N,N,N
A017911A,N,R_05_M,Y,Y,267,1957-1959,0.0002022,0.0002022,0.0002022,0.0002022,0.0002022,9.5,6.266666667000001,0.0002022,0.0002022,0.0002022,0.0002022,0.0002022,N,N,N
A017911B,N,R_05_M,Y,Y,268,1957-1959,0.0002022,0.0002022,0.0002022,0.0002022,1.0,4.866666667,7.966666667,7.8,1.033333333,0.0002022,0.0002022,0.0002022,N,N,N
A020540,N,R_05_M,Y,Y,293,1960-1970,0.0002022,0.0002022,0.0002022,0.0002022,1.3433333330000001,21.95666667,33.64,0.0002022,0.0002022,0.0002022,0.0002022,0.0002022,N,N,N
A020662,N,R_05_M,Y,Y,297,1960-1970,0.0002022,0.0002022,0.0002022,0.0002022,2.84,9.358333333,9.481666667,9.917333333,4.235,0.0002022,0.0002022,0.0002022,N,N,N
A021127,N,R_05_M,Y,Y,311,1960-1970,0.0002022,0.0002022,0.0002022,0.0002022,0.0002022,0.0002022,0.0002022,0.0002022,0.0002022,0.0002022,0.0002022,0.0002022,N,Y,Y
A022692,N,R_05_M,Y,Y,365,1960-1970,0.0002022,0.0002022,0.0002022,0.15,0.2,0.3,0.35,0.45,0.35,0.2,0.0002022,0.0002022,N,N,N
A022802,N,R_05_M,Y,Y,367,1960-1970,0.0002022,0.0002022,0.0002022,0.0002022,11.8,23.53333333,43.43333333,53.73333333,45.33333333,19.03333333,0.0002022,0.0002022,N,N,N
A023446B,N,R_05_M,Y,Y,393,1960-1970,0.0002022,0.0002022,2.183333333,1.84,0.0002022,0.0002022,0.0002022,0.0002022,0.0002022,0.0002022,0.0002022,0.0002022,N,N,Y
A023664,N,R_05_M,Y,Y,410,1971-1990,1.31269,1.070592333,1.450974,1.5924453330000001,3.1914383330000002,4.289397333,0.0002022,0.0002022,0.0002022,0.0002022,2.235643333,1.533687667,N,N,N
A023671,N,R_05_M,Y,Y,413,1971-1990,0.0002022,0.0002022,0.0002022,0.0002022,8.166666667000001,68.66666667,79.33333333,20.5,44.5,0.0002022,0.0002022,0.0002022,N,N,N
A024013,N,R_05_M,Y,Y,440,1971-1990,0.0002022,0.0002022,0.0002022,0.523333333,1.163333333,0.0002022,0.0002022,0.0002022,0.0002022,0.0002022,0.0002022,0.0002022,N,N,N
A024014,N,R_05_M,Y,Y,441,1971-1990,0.0002022,0.0002022,0.45,0.0002022,0.0002022,0.0002022,0.0002022,0.0002022,0.0002022,0.0002022,0.0002022,0.0002022,N,N,Y
A024140,N,R_05_M,Y,Y,455,1971-1990,0.833333333,0.0002022,0.0002022,0.0002022,0.0002022,0.0002022,0.0002022,0.0002022,0.0002022,0.0002022,29.3,7.3,N,N,Y
A024617,N,R_05_M,Y,Y,490,1971-1990,0.0002022,0.0002022,4.156666667,0.16,0.08,0.0002022,0.0002022,0.0002022,0.0002022,0.0002022,0.0002022,0.0002022,N,N,N
A024789A,N,R_05_M,Y,Y,500,1971-1990,0.0002022,0.0002022,0.0002022,0.0002022,0.0002022,0.0002022,0.0002022,0.0002022,0.0002022,0.0002022,0.0002022,0.0002022,N,Y,Y
A024789B,N,R_05_M,Y,Y,501,1971-1990,0.0002022,0.0002022,1.133333333,0.06333333299999999,0.033333333,0.0002022,0.0002022,0.0002022,0.0002022,0.0002022,0.0002022,0.0002022,N,N,N
A025268,N,R_05_M,Y,Y,555,1971-1990,0.0002022,0.0002022,0.44,0.0002022,0.0002022,0.0002022,0.0002022,0.0002022,0.0002022,0.0002022,0.0002022,0.0002022,N,N,Y
A027581,N,R_05_M,Y,Y,617,1971-1990,0.0002022,0.0002022,7.666666667,10.33333333,9.333333332999999,0.0002022,0.0002022,0.0002022,0.0002022,0.0002022,0.0002022,0.0002022,N,N,N
A027582,N,R_05_M,Y,Y,618,1971-1990,7.333333333,10.66666667,6.0,6.666666667,11.33333333,18.33333333,18.66666667,13.0,10.33333333,9.333333332999999,0.0002022,0.0002022,N,N,N
A027583,N,R_05_M,Y,Y,619,1971-1990,8.333333332999999,6.333333333,5.333333333,0.0002022,4.0,4.666666667,4.666666667,4.333333333,2.333333333,0.0002022,0.0002022,0.0002022,N,N,N
A027584,N,R_05_M,Y,Y,620,1971-1990,0.0002022,0.0002022,2.333333333,4.0,4.333333333,0.0002022,0.0002022,0.0002022,0.0002022,0.0002022,0.0002022,0.0002022,N,N,N
A028854,N,R_05_M,Y,Y,656,1971-1990,0.0002022,0.0002022,2.583333333,0.0002022,0.0002022,0.0002022,0.0002022,0.0002022,0.0002022,0.0002022,0.0002022,0.0002022,N,N,Y
A031094,N,R_05_M,Y,Y,703,1991-PRESENT,0.0002022,0.0002022,0.0002022,0.0002022,0.0002022,0.0002022,0.0002022,0.0002022,0.0002022,0.0002022,0.0002022,0.0002022,N,Y,Y
A003565,N,R_06_M,Y,Y,58,PRE-1949+1949,0.036666667,0.0002022,0.0002022,0.006666666999999999,0.105333333,0.18600000000000003,2.907,3.608333333,0.21666666699999998,0.166666667,0.0002022,0.0002022,N,N,N
A013030A,N,R_06_M,Y,Y,79,PRE-1949+1949,0.0002022,0.0002022,0.0002022,0.0002022,0.0002022,0.0002022,0.0002022,0.0002022,0.0002022,0.0002022,0.0002022,0.0002022,N,Y,Y
A013030B,N,R_06_M,Y,Y,80,PRE-1949+1949,0.0002022,0.0002022,0.0002022,0.0002022,0.0002022,6.066666667000001,18.37333333,27.20333333,15.83,4.506666667,0.0002022,0.0002022,N,N,N
A013749,N,R_06_M,Y,Y,110,1950-1952,0.0002022,0.0002022,0.0002022,0.0002022,2.2,0.0002022,2.433333333,0.0002022,0.0002022,0.0002022,0.0002022,0.0002022,N,N,N
A013753,N,R_06_M,Y,Y,111,1950-1952,0.0002022,0.0002022,0.0002022,0.0002022,0.0002022,0.005566666999999999,0.005566666999999999,0.005566666999999999,0.002333333,0.0002022,0.0002022,0.0002022,N,N,N
A013755,N,R_06_M,Y,Y,112,1950-1952,0.0002022,0.0002022,0.0002022,0.0002022,1.973333333,4.586666667,12.33666667,5.52,7.83,0.35666666700000005,0.0002022,0.0002022,N,N,N
A013661,N,R_06_M,Y,Y,105,1950-1952,0.0002022,0.0002022,0.0002022,0.0002022,4.49,23.80333333,25.71333333,27.79666667,19.01333333,6.966666667,0.0002022,0.0002022,N,N,N
A015743,N,R_06_M,Y,Y,208,1953-1954,0.0002022,0.0002022,0.0002022,0.0002022,0.056667667000000005,0.08756966699999999,0.11733133300000001,0.267176667,0.11676133300000001,0.064408333,0.0002022,0.0002022,N,N,N
A016249,N,R_06_M,Y,Y,221,1955-1956,0.0002022,0.0002022,0.0002022,0.0002022,30.59333333,34.20333333,41.32,33.12666667,38.66333333,2.233333333,0.0002022,0.0002022,N,N,N
A016557,N,R_06_M,Y,Y,235,1955-1956,0.0002022,0.0002022,0.0002022,52.0,52.0,52.0,52.0,52.0,52.0,0.0002022,0.0002022,0.0002022,N,N,N
A016561,N,R_06_M,Y,Y,236,1955-1956,0.0002022,0.0002022,0.0002022,0.0002022,2.2393333330000003,8.256666667000001,11.21333333,8.11,3.2166666669999997,0.8666666670000001,0.566666667,0.0002022,N,N,N
A016655,N,R_06_M,Y,Y,237,1955-1956,0.056263,0.056263,0.056263,0.081325333,0.081325333,0.167254333,0.167254333,0.167254333,0.167254333,0.081325333,0.056263,0.056263,N,N,N
A016670,N,R_06_M,Y,Y,238,1955-1956,0.0002022,0.0002022,0.0002022,0.0002022,0.0002022,0.166666667,0.0002022,0.333333333,0.0002022,0.0002022,0.0002022,0.0002022,N,N,N
A016671,N,R_06_M,Y,Y,239,1955-1956,0.0002022,0.0002022,0.0002022,0.0002022,0.09206666699999999,1.276657333,4.572642,2.9093053330000003,0.0002022,1.4229406669999998,0.0002022,0.0002022,N,N,N
A017145,N,R_06_M,Y,Y,251,1955-1956,0.0002022,0.0002022,0.0002022,0.0002022,0.0002022,0.0002022,0.0002022,0.0002022,0.0002022,0.0002022,0.0002022,0.0002022,N,Y,Y
A017885,N,R_06_M,Y,Y,266,1957-1959,0.0002022,0.0002022,0.0002022,0.0002022,1.6666666669999999,3.733333333,5.066666667,5.233333333,4.366666667,0.0002022,0.0002022,0.0002022,N,N,N
A018093A,N,R_06_M,Y,Y,270,1957-1959,0.0002022,0.0002022,0.0002022,0.0002022,0.0002022,0.0002022,0.7,0.33,0.3,0.0002022,0.0002022,0.0002022,N,N,N
A018093B,N,R_06_M,Y,Y,271,1957-1959,0.0002022,0.0002022,0.0002022,0.0002022,0.0002022,0.21666666699999998,0.0002022,0.0002022,0.0002022,0.0002022,0.0002022,0.0002022,N,N,N
A021516,N,R_06_M,Y,Y,322,1960-1970,0.0002022,0.0002022,0.0002022,0.0002022,0.5,1.266666667,2.0466666669999998,2.3,1.233333333,0.333333333,0.0002022,0.0002022,N,N,N
A021927,N,R_06_M,Y,Y,338,1960-1970,0.0002022,0.0002022,0.0002022,0.0002022,0.0002022,0.0002022,4.933333333,6.833333333,0.0002022,0.0002022,0.0002022,0.0002022,N,N,N
A021928,N,R_06_M,Y,Y,339,1960-1970,0.0002022,0.0002022,0.0002022,0.0002022,0.0002022,0.233333333,1.3,1.3666666669999998,0.0002022,0.0002022,0.0002022,0.0002022,N,N,N
A021929,N,R_06_M,Y,Y,340,1960-1970,0.0002022,0.0002022,0.0002022,0.0002022,0.0002022,0.0002022,0.0002022,0.0002022,0.0002022,0.0002022,0.0002022,0.0002022,N,Y,Y
A021930,N,R_06_M,Y,Y,341,1960-1970,0.0002022,0.0002022,0.0002022,0.0002022,0.0002022,0.0002022,6.1333333329999995,0.0002022,0.0002022,0.0002022,0.0002022,0.0002022,N,N,N
A021931,N,R_06_M,Y,Y,342,1960-1970,0.0002022,0.0002022,0.0002022,0.0002022,0.0002022,0.433333333,5.766666667000001,9.566666667,1.266666667,1.2,0.0002022,0.0002022,N,N,N
A021932,N,R_06_M,Y,Y,343,1960-1970,0.0002022,0.0002022,0.0002022,1.0,2.0,2.0,2.0,2.0,2.0,1.0,0.0002022,0.0002022,N,N,N
A022702,N,R_06_M,Y,Y,366,1960-1970,0.0002022,0.0002022,0.0002022,0.0002022,0.0002022,0.0002022,0.0002022,0.0002022,0.0002022,0.0002022,0.0002022,0.0002022,N,Y,Y
A023387,N,R_06_M,Y,Y,390,1960-1970,0.0002022,0.0002022,0.0002022,0.0002022,0.0002022,0.0002022,0.0002022,0.0002022,0.0002022,0.0002022,0.0002022,0.0002022,N,Y,Y
A023563,N,R_06_M,Y,Y,403,1960-1970,0.0002022,0.0002022,0.0002022,0.1,0.7333333329999999,1.233333333,1.6333333330000002,0.0002022,0.0002022,0.0002022,0.0002022,0.0002022,N,N,N
A023926A,N,R_06_M,Y,Y,436,1971-1990,0.0002022,0.0002022,0.0002022,0.0002022,0.0002022,0.0002022,0.043333332999999995,0.0002022,0.0002022,0.0002022,0.0002022,0.0002022,N,N,N
A023926B,N,R_06_M,Y,Y,437,1971-1990,0.0002022,0.0002022,0.033333333,0.0002022,0.0002022,0.0002022,0.0002022,0.0002022,0.0002022,0.0002022,0.0002022,0.0002022,N,N,Y
A024050,N,R_06_M,Y,Y,446,1971-1990,0.0002022,0.0002022,0.0002022,0.07,0.0002022,0.0002022,0.0002022,0.0002022,0.0002022,0.0002022,0.0002022,0.0002022,N,N,Y
A024141,N,R_06_M,Y,Y,456,1971-1990,0.0002022,0.0002022,0.643333333,0.243333333,0.0002022,0.0002022,0.0002022,0.0002022,0.0002022,0.0002022,0.0002022,0.0002022,N,N,Y
A024522A,N,R_06_M,Y,Y,484,1971-1990,0.0002022,0.0002022,0.0002022,0.0002022,0.6466666670000001,2.166666667,5.2,2.4,0.0002022,0.0002022,0.0002022,0.0002022,N,N,N
A024522B,N,R_06_M,Y,Y,411,1971-1990,0.0002022,0.0002022,0.0002022,0.0002022,0.0002022,0.0002022,0.0002022,0.0002022,0.0002022,0.0002022,0.0002022,0.0002022,N,Y,Y
A024763B,N,R_06_M,Y,Y,498,1971-1990,0.0002022,0.0002022,28.66,28.66,28.66,0.0002022,0.0002022,0.0002022,0.0002022,0.0002022,0.0002022,0.0002022,N,N,N
A025596,N,R_06_M,Y,Y,562,1971-1990,0.0002022,0.0002022,0.0002022,15.2,19.8,85.03333333,117.66666670000001,25.8,0.0002022,0.0002022,0.0002022,0.0002022,N,N,N
A025822A,N,R_06_M,Y,Y,572,1971-1990,0.0002022,0.0002022,0.0002022,0.0002022,1.256666667,13.0,10.76333333,0.0002022,0.0002022,0.0002022,0.0002022,0.0002022,N,N,N
A025822B,N,R_06_M,Y,Y,573,1971-1990,0.0002022,0.0002022,0.0002022,0.0002022,0.0002022,0.0002022,0.0002022,0.0002022,0.0002022,0.0002022,0.0002022,0.0002022,N,Y,Y
A031870,N,R_06_M,Y,Y,808,1991-PRESENT,44.53,0.193333333,0.13,0.043333332999999995,0.0002022,0.0002022,0.0002022,0.0002022,0.0002022,0.0002022,0.0002022,0.0002022,N,N,Y
A031877,N,R_06_M,Y,Y,809,1991-PRESENT,4.2,10.86666667,0.7,0.0002022,0.0002022,0.0002022,0.0002022,0.0002022,0.0002022,0.0002022,0.0002022,3.666666667,N,N,Y
C005166,N,R_06_M,Y,Y,723,1991-PRESENT,0.133333333,0.2,0.0002022,0.0002022,0.0002022,0.0002022,0.0002022,0.0002022,0.0002022,0.033333333,0.133333333,0.333333333,N,N,Y
D031380,N,R_06_M,Y,Y,768,1991-PRESENT,0.046666667,0.04,0.046666667,0.046666667,0.046666667,0.046666667,0.046666667,0.046666667,0.046666667,0.046666667,0.046666667,0.046666667,N,N,N
S015508,N,R_06_M,Y,Y,50,PRE-1914,0.0002022,0.0002022,0.0002022,0.0002022,0.0002022,0.0002022,0.0002022,0.0002022,0.0002022,0.0002022,0.0002022,0.0002022,N,Y,Y
S015510,N,R_06_M,Y,Y,51,PRE-1914,0.0002022,0.0002022,0.0002022,0.0002022,0.0002022,0.0002022,0.0002022,0.0002022,0.0002022,0.0002022,0.0002022,0.0002022,N,Y,Y
A008974,N,R_09_M,Y,Y,68,PRE-1949+1949,0.0002022,0.0002022,0.0002022,0.0002022,0.0002022,0.0002022,0.0002022,0.0002022,0.0002022,0.0002022,0.0002022,0.0002022,N,Y,Y
A011846,N,R_09_M,Y,Y,72,PRE-1949+1949,0.0002022,0.0002022,0.666666667,2.5,3.0,3.333333333,3.666666667,4.333333333,2.666666667,3.333333333,2.333333333,0.0002022,N,N,N
A013277,N,R_09_M,Y,Y,89,PRE-1949+1949,0.0002022,0.0002022,0.0002022,0.333333333,0.0002022,0.233333333,0.26666666699999997,3.266666667,2.133333333,0.0002022,0.0002022,0.0002022,N,N,N
A013289,N,R_09_M,Y,Y,93,PRE-1949+1949,0.0002022,0.0002022,0.0002022,0.0002022,0.0002022,1.1,2.5,1.4,0.0002022,0.0002022,0.0002022,0.0002022,N,N,N
A013758,N,R_09_M,Y,Y,113,1950-1952,0.0002022,0.0002022,0.0002022,0.0002022,0.0002022,5.3,5.3,5.3,5.3,0.0002022,0.0002022,0.0002022,N,N,N
A013810,N,R_09_M,Y,Y,115,1950-1952,0.431666667,0.38833333299999995,0.365,0.45866666700000003,0.555333333,0.45,0.498333333,2.313333333,0.6336666670000001,0.35166666700000004,0.17800000000000002,0.317333333,N,N,N
A013811,N,R_09_M,Y,Y,116,1950-1952,0.0002022,0.0002022,0.0002022,0.006666666999999999,0.44,1.4333333330000002,3.5,3.833333333,3.566666667,0.0002022,0.0002022,0.0002022,N,N,N
A013862,N,R_09_M,Y,Y,119,1950-1952,0.0002022,0.0002022,0.0002022,0.0002022,0.0002022,1.104798333,1.104798333,1.104798333,0.36826633299999995,0.0002022,0.0002022,0.0002022,N,N,N
A013863,N,R_09_M,Y,Y,120,1950-1952,0.0002022,0.0002022,0.0002022,0.0002022,0.0002022,0.0002022,0.0002022,0.0002022,0.0002022,0.0002022,0.0002022,0.0002022,N,Y,Y
A013864,N,R_09_M,Y,Y,121,1950-1952,0.0002022,0.0002022,0.0002022,0.6,0.8,0.8,0.8,0.0002022,0.4,0.2,0.2,0.2,N,N,N
A013932,N,R_09_M,Y,Y,123,1950-1952,0.0002022,0.0002022,0.0002022,0.0002022,0.0002022,0.7333333329999999,1.2,1.8666666669999998,0.533333333,0.033333333,0.0002022,0.0002022,N,N,N
A013987,N,R_09_M,Y,Y,130,1950-1952,0.0002022,0.0002022,0.0002022,0.0002022,0.0002022,0.0002022,0.0002022,0.0002022,0.0002022,0.0002022,0.0002022,0.0002022,N,Y,Y
A014045,N,R_09_M,Y,Y,137,1950-1952,0.0002022,0.0002022,0.0002022,0.0002022,0.0002022,0.0002022,0.0002022,0.0002022,0.0002022,0.0002022,0.0002022,0.0002022,N,Y,Y
A014144,N,R_09_M,Y,Y,143,1950-1952,0.0002022,0.0002022,0.0002022,0.0002022,0.0002022,0.0002022,0.0002022,0.0002022,0.0002022,0.0002022,0.0002022,0.0002022,N,Y,Y
A014172,N,R_09_M,Y,Y,145,1950-1952,0.0002022,0.0002022,0.0002022,0.0002022,0.0002022,0.0002022,0.0002022,0.0002022,0.0002022,0.0002022,0.0002022,0.0002022,N,Y,Y
A014215,N,R_09_M,Y,Y,147,1950-1952,0.0002022,0.0002022,0.0002022,1.84,1.84,2.45,2.45,1.84,0.6133333329999999,0.0002022,0.0002022,0.0002022,N,N,N
A014245,N,R_09_M,Y,Y,148,1950-1952,0.0002022,0.0002022,0.0002022,0.0002022,0.001125333,0.002199333,0.0002022,0.0002022,0.0002022,0.0002022,0.0002022,0.0002022,N,N,N
A014246,N,R_09_M,Y,Y,149,1950-1952,0.027333332999999998,0.027333332999999998,0.044666667,0.080666667,0.47833333299999997,0.7436666670000001,1.1743333329999999,1.593666667,1.4053333330000002,0.707666667,0.38299999999999995,0.047333333,N,N,N
A014393,N,R_09_M,Y,Y,153,1950-1952,0.0002022,0.0002022,0.0002022,0.0002022,0.433333333,1.6333333330000002,5.466666667,5.933333332999999,2.833333333,0.233333333,0.0002022,0.0002022,N,N,N
A014467,N,R_09_M,Y,Y,156,1950-1952,0.0002022,0.0002022,0.0002022,0.0002022,0.0002022,0.0002022,0.0002022,0.0002022,0.0002022,0.0002022,0.0002022,0.0002022,N,Y,Y
A014492,N,R_09_M,Y,Y,157,1950-1952,0.0002022,0.0002022,0.0002022,0.0002022,0.0002022,0.0002022,0.0002022,0.0002022,0.0002022,0.0002022,0.0002022,0.0002022,N,Y,Y
A014880,N,R_09_M,Y,Y,173,1950-1952,0.4602,0.4602,0.4602,0.4138,2.6180000000000003,0.9998,1.217933333,1.315133333,1.4131333330000002,1.263733333,1.2702,0.9648,N,N,N
A015397,N,R_09_M,Y,Y,191,1953-1954,0.0002022,0.0002022,0.0002022,0.0002022,0.038333333,0.608,1.598,1.897666667,1.16,0.8726666670000001,0.223333333,0.0002022,N,N,N
A015399,N,R_09_M,Y,Y,192,1953-1954,0.0002022,0.0002022,0.0002022,0.0002022,0.0002022,0.0002022,0.0002022,0.0002022,0.0002022,0.0002022,0.0002022,0.0002022,N,Y,Y
A015664A,N,R_09_M,Y,Y,196,1953-1954,0.0002022,0.0002022,0.0002022,0.0002022,0.0002022,0.0002022,0.0002022,0.0002022,0.0002022,0.0002022,0.0002022,0.0002022,N,Y,Y
A015664B,N,R_09_M,Y,Y,197,1953-1954,0.08,0.08,0.08,0.14,1.046666667,1.8166666669999998,2.9933333330000003,2.9933333330000003,2.79,1.74,0.513333333,0.08,N,N,N
A015664C,N,R_09_M,Y,Y,198,1953-1954,0.0002022,0.0002022,0.0002022,0.0002022,0.003333333,0.566666667,1.6666666669999999,2.166666667,1.4333333330000002,0.433333333,0.0002022,0.0002022,N,N,N
A015727,N,R_09_M,Y,Y,204,1953-1954,0.0002022,0.0002022,0.0002022,0.0002022,0.0002022,0.001221333,0.0002022,0.0002022,0.0002022,0.0002022,0.0002022,0.0002022,N,N,N
A015983,N,R_09_M,Y,Y,215,1953-1954,0.0002022,0.0002022,0.0002022,0.0002022,0.62,0.776666667,1.49,1.17,0.523333333,0.51,0.0002022,0.0002022,N,N,N
A015984,N,R_09_M,Y,Y,216,1953-1954,0.0002022,0.0002022,0.36,0.73,0.73,0.73,0.73,0.73,0.73,0.73,0.36,0.0002022,N,N,N
A016319,N,R_09_M,Y,Y,223,1955-1956,0.0002022,0.0002022,0.0002022,0.0002022,0.0002022,0.0002022,0.0002022,0.0002022,0.0002022,0.0002022,0.0002022,0.0002022,N,Y,Y
A016334,N,R_09_M,Y,Y,224,1955-1956,0.0002022,0.0002022,0.0002022,0.0002022,0.0002022,0.0002022,1.0,1.3,1.1,0.0002022,0.0002022,0.0002022,N,N,N
A016357,N,R_09_M,Y,Y,226,1955-1956,0.0002022,0.0002022,0.0002022,0.066666667,0.133333333,0.333333333,1.6666666669999999,2.6,1.966666667,0.666666667,0.1,0.0002022,N,N,N
A016398,N,R_09_M,Y,Y,228,1955-1956,0.0002022,0.0002022,0.0002022,0.0002022,3.266666667,10.66666667,12.33333333,12.33333333,13.0,10.33333333,1.6666666669999999,0.0002022,N,N,N
A018649,N,R_09_M,Y,Y,280,1957-1959,0.0002022,0.0002022,0.0002022,0.0002022,0.0002022,0.002514,0.0002022,0.0002022,0.0002022,0.0002022,0.0002022,0.0002022,N,N,N
A020624,N,R_09_M,Y,Y,295,1960-1970,0.0002022,0.0002022,0.0002022,0.0002022,0.0002022,0.0002022,0.0002022,0.0002022,0.0002022,0.0002022,0.0002022,0.0002022,N,Y,Y
A021245,N,R_09_M,Y,Y,314,1960-1970,0.0002022,0.0002022,0.0002022,0.066666667,1.6,5.133333333,4.566666667,8.8,5.266666667,0.0002022,0.0002022,0.0002022,N,N,N
A021756,N,R_09_M,Y,Y,330,1960-1970,0.0002022,0.0002022,0.0002022,0.233333333,2.4,3.433333333,4.666666667,4.433333333,4.9,1.033333333,0.0002022,0.0002022,N,N,N
A024266A,N,R_09_M,Y,Y,462,1971-1990,0.0002022,0.0002022,0.0002022,0.0002022,0.0002022,2.156666667,2.156666667,2.16,2.16,0.0002022,0.0002022,0.0002022,N,N,N
A024266B,N,R_09_M,Y,Y,463,1971-1990,0.0002022,0.0002022,6.74,0.0002022,0.0002022,0.0002022,0.0002022,0.0002022,0.0002022,0.0002022,0.0002022,0.0002022,N,N,Y
A024791,N,R_09_M,Y,Y,503,1971-1990,0.0002022,0.0002022,0.0002022,0.0002022,0.008333333,1.027333333,2.76,2.85,2.2233333330000002,0.45333333299999995,0.0002022,0.0002022,N,N,N
A024890,N,R_09_M,Y,Y,511,1971-1990,0.933333333,0.9,0.933333333,1.2,1.8666666669999998,2.1,2.333333333,2.3,2.366666667,2.266666667,1.4333333330000002,1.233333333,N,N,N
A024893A,N,R_09_M,Y,Y,513,1971-1990,0.0002022,0.0002022,0.0002022,0.0002022,0.0002022,6.9,8.933333333,8.366666667,0.0002022,0.0002022,0.0002022,0.0002022,N,N,N
A024893B,N,R_09_M,Y,Y,514,1971-1990,0.0002022,0.0002022,0.0002022,0.0002022,0.0002022,0.0002022,0.0002022,0.0002022,0.0002022,0.0002022,0.0002022,0.0002022,N,Y,Y
A024894,N,R_09_M,Y,Y,515,1971-1990,0.0002022,0.0002022,0.0002022,0.0002022,0.0002022,10.06666667,11.6,13.63333333,11.06666667,3.066666667,0.0002022,0.0002022,N,N,N
A024899,N,R_09_M,Y,Y,517,1971-1990,0.0002022,0.0002022,0.0002022,0.0002022,0.0002022,0.0002022,0.0002022,0.0002022,0.0002022,0.0002022,0.0002022,0.0002022,N,Y,Y
A024909,N,R_09_M,Y,Y,518,1971-1990,2.022e-05,2.022e-05,2.022e-05,2.022e-05,2.022e-05,2.022e-05,2.022e-05,2.022e-05,2.022e-05,2.022e-05,2.022e-05,2.022e-05,Y,N,N
A024912,N,R_09_M,Y,Y,519,1971-1990,0.0002022,0.0002022,0.0002022,0.0002022,0.0002022,0.0002022,0.0002022,0.0002022,0.0002022,0.0002022,0.0002022,0.0002022,N,Y,Y
A024919,N,R_09_M,Y,Y,520,1971-1990,0.051240667000000004,0.051240667000000004,0.072470333,0.077872667,0.081918333,0.081918333,0.081918333,0.081918333,0.081918333,0.081918333,0.061355667,0.061355667,N,N,N
A024951,N,R_09_M,Y,Y,525,1971-1990,0.06333333299999999,0.053333333,0.036666667,0.13,0.176666667,0.28,0.6333333329999999,0.39666666700000003,0.34666666700000004,0.276666667,0.12,0.12,N,N,N
A024972,N,R_09_M,Y,Y,534,1971-1990,0.0002022,0.0002022,0.0002022,0.0002022,0.0002022,0.042963999999999995,0.042963999999999995,0.042963999999999995,0.028642667000000004,0.0002022,0.0002022,0.0002022,N,N,N
A024993,N,R_09_M,Y,Y,535,1971-1990,0.017967333000000002,0.020079667,0.049844,0.090239667,0.144071333,0.45797833299999996,0.594537,0.7140770000000001,0.572708667,0.37875866700000005,0.049396667000000005,0.014963667,N,N,N
A025005,N,R_09_M,Y,Y,538,1971-1990,0.0002022,0.0002022,0.0002022,0.0002022,0.0002022,0.0002022,0.0002022,0.0002022,0.0002022,0.0002022,0.0002022,0.0002022,N,Y,Y
A025015,N,R_09_M,Y,Y,539,1971-1990,0.02995,0.030803333,0.025313332999999997,0.034023332999999996,0.08661,0.081446667,0.10005333300000001,0.105326667,0.10469333300000001,0.112566667,0.032166667,0.039723333,N,N,N
A025028,N,R_09_M,Y,Y,544,1971-1990,0.0002022,0.0002022,0.0002022,0.0002022,0.0002022,0.0002022,0.0002022,0.0002022,0.0002022,0.0002022,0.0002022,0.0002022,N,Y,Y
A025110,N,R_09_M,Y,Y,549,1971-1990,0.011000000000000001,0.011000000000000001,0.012,0.013000000000000001,0.018000000000000002,0.02,0.02,0.02,0.02,0.02,0.018000000000000002,0.013999999999999999,N,N,N
A025157,N,R_09_M,Y,Y,552,1971-1990,0.046666667,0.046666667,0.046666667,0.046666667,0.053333333,0.053333333,0.053333333,0.053333333,0.053333333,0.046666667,0.04,0.04,N,N,N
A025682,N,R_09_M,Y,Y,565,1971-1990,2.025,2.025,2.025,2.025,2.025,2.025,2.025,2.025,2.025,2.025,2.025,2.025,N,N,N
A025694,N,R_09_M,Y,Y,567,1971-1990,0.533333333,0.333333333,1.2,0.0002022,0.0002022,0.0002022,0.0002022,0.0002022,0.0002022,0.003333333,1.6033333330000001,5.0,N,N,Y
A027955,N,R_09_M,Y,Y,627,1971-1990,0.0002022,0.0002022,2.0333333330000003,0.0002022,0.0002022,0.0002022,0.0002022,0.0002022,0.0002022,0.0002022,0.0002022,0.0002022,N,N,Y
A029418,N,R_09_M,Y,Y,678,1971-1990,8.7,6.933333332999999,6.033333333,7.266666667000001,9.733333333,11.5,12.13333333,18.73333333,24.56666667,22.36666667,17.06666667,8.9,N,N,N
A029419,N,R_09_M,Y,Y,679,1971-1990,0.066666667,0.033333333,0.033333333,0.066666667,2.366666667,9.4,8.266666667,0.0002022,0.0002022,0.0002022,0.033333333,0.0002022,N,N,N
A029437,N,R_09_M,Y,Y,680,1971-1990,0.0002022,0.0002022,0.0002022,0.0002022,0.0002022,0.0002022,0.0002022,0.0002022,0.0002022,0.0002022,0.0002022,0.0002022,N,Y,Y
A029662,N,R_09_M,Y,Y,694,1971-1990,0.0002022,0.0002022,0.0002022,0.0002022,0.0002022,0.0002022,0.0002022,0.0002022,0.0002022,0.0002022,0.0002022,0.0002022,N,Y,Y
A029789,N,R_09_M,Y,Y,698,1971-1990,0.0002022,0.0002022,0.0002022,0.0002022,0.0002022,0.0002022,0.0002022,0.0002022,0.0002022,0.0002022,0.0002022,0.0002022,N,Y,Y
A030364,N,R_09_M,Y,Y,708,1991-PRESENT,6.4896400000000005,3.914875333,2.326666667,0.0002022,0.0002022,0.0002022,0.0002022,0.0002022,0.0002022,0.0002022,0.0002022,0.0002022,N,N,Y
A030365,N,R_09_M,Y,Y,710,1991-PRESENT,0.0002022,0.0002022,0.0002022,0.0002022,0.0002022,0.0002022,0.0002022,0.0002022,0.0002022,0.0002022,0.0002022,0.0002022,N,Y,Y
D030286,N,R_09_M,Y,Y,707,1991-PRESENT,0.05,0.05,0.03,0.01,0.0002022,0.0002022,0.0002022,0.0002022,0.0002022,0.033333333,0.05,0.05,N,N,Y
S008430,N,R_09_M,Y,Y,11,PRE-1914,0.0002022,0.0002022,0.0002022,0.0002022,0.0002022,0.0002022,0.0002022,0.0002022,0.0002022,0.0002022,0.0002022,0.0002022,N,Y,Y
S014237,N,R_09_M,Y,Y,12,PRE-1914,65.44253733,58.77721433,62.698775,70.23643633,110.7718977,134.00081,151.952695,150.2309813,134.586485,113.3494783,87.58449467,68.082126,N,N,N
S015020,N,R_09_M,Y,Y,32,PRE-1914,0.566666667,0.566666667,0.566666667,1.0,1.0,2.5,3.066666667,3.066666667,3.066666667,3.066666667,2.066666667,0.6,N,N,N
S015925,N,R_09_M,Y,Y,20,PRE-1914,0.0002022,0.0002022,0.0002022,0.6133333329999999,1.84,2.45,2.45,2.246666667,1.84,0.0002022,0.0002022,0.0002022,N,N,N
S022860,N,R_09_M,Y,Y,24,PRE-1914,0.0002022,0.0002022,0.0002022,1.2,1.733333333,2.866666667,3.633333333,1.266666667,1.766666667,0.2,0.1,0.0002022,N,N,N
S022861,N,R_09_M,Y,Y,25,PRE-1914,0.0002022,0.0002022,0.0002022,0.0002022,0.0002022,0.0002022,0.0002022,0.0002022,0.0002022,0.0002022,0.0002022,0.0002022,N,Y,Y
S022862,N,R_09_M,Y,Y,26,PRE-1914,0.0002022,0.0002022,0.0002022,0.0002022,0.0002022,0.0002022,0.0002022,0.0002022,0.0002022,0.0002022,0.0002022,0.0002022,N,Y,Y
S022864,N,R_09_M,Y,Y,27,PRE-1914,0.0002022,0.0002022,0.0002022,0.0002022,0.0002022,0.0002022,0.0002022,0.0002022,0.0002022,0.0002022,0.0002022,0.0002022,N,Y,Y
S022865,N,R_09_M,Y,Y,29,PRE-1914,0.0002022,0.0002022,0.0002022,1.3,7.266666667000001,15.96666667,26.43333333,23.0,14.73333333,0.8,0.1,0.0002022,N,N,N
S022867,N,R_09_M,Y,Y,28,PRE-1914,0.0002022,0.0002022,0.0002022,0.0002022,0.0002022,0.0002022,0.0002022,0.0002022,0.0002022,0.0002022,0.0002022,0.0002022,N,Y,Y
A013126A,N,R_10_M,Y,Y,81,PRE-1949+1949,0.0002022,0.083333333,0.2,0.06,0.243333333,0.836666667,1.5466666669999998,1.956666667,0.786666667,0.0002022,0.0002022,0.0002022,N,N,N
A013126B,N,R_10_M,Y,Y,82,PRE-1949+1949,0.0002022,0.0002022,0.0002022,0.0002022,0.1,0.7333333329999999,1.4,2.0,1.6666666669999999,0.0002022,0.0002022,0.0002022,N,N,N
A013474,N,R_10_M,Y,Y,97,PRE-1949+1949,0.0002022,0.0002022,0.0002022,0.0002022,0.41666666700000005,1.756666667,4.48,6.55,6.3833333329999995,0.45333333299999995,0.29,0.0002022,N,N,N
A013789,N,R_10_M,Y,Y,114,1950-1952,0.0002022,0.0002022,0.0002022,0.0002022,0.0002022,0.0002022,0.0002022,0.0002022,0.0002022,0.0002022,0.0002022,0.0002022,N,Y,Y
A013831,N,R_10_M,Y,Y,117,1950-1952,0.0002022,0.0002022,0.0002022,0.0002022,0.566666667,1.266666667,1.4333333330000002,1.466666667,1.4333333330000002,0.5,0.0002022,0.0002022,N,N,N
A013832,N,R_10_M,Y,Y,118,1950-1952,0.0002022,0.0002022,0.0002022,0.0002022,0.0002022,0.88,1.473333333,1.173333333,1.473333333,1.026666667,0.0002022,0.0002022,N,N,N
A013933,N,R_10_M,Y,Y,124,1950-1952,0.0002022,0.0002022,0.0002022,0.0002022,0.0002022,0.0002022,0.0002022,0.0002022,0.0002022,0.0002022,0.0002022,0.0002022,N,Y,Y
A013984,N,R_10_M,Y,Y,128,1950-1952,0.0002022,0.0002022,0.0002022,0.0002022,0.0002022,0.483333333,4.75,4.856666667,3.39,4.47,0.046666667,0.0002022,N,N,N
A013985,N,R_10_M,Y,Y,129,1950-1952,0.0002022,0.0002022,0.0002022,0.0002022,0.2,0.7333333329999999,1.5666666669999998,1.166666667,0.8,0.2,0.033333333,0.0002022,N,N,N
A014030,N,R_10_M,Y,Y,132,1950-1952,0.0002022,0.0002022,0.0002022,0.0002022,0.0002022,1.2,2.633333333,2.5,3.0333333330000003,0.0002022,0.0002022,0.0002022,N,N,N
A014033,N,R_10_M,Y,Y,133,1950-1952,0.0002022,0.0002022,0.0002022,0.0002022,2.633333333,11.33333333,11.1,10.16666667,5.3,2.433333333,0.0002022,0.0002022,N,N,N
A014034,N,R_10_M,Y,Y,134,1950-1952,0.0002022,0.0002022,0.0002022,0.0002022,1.233333333,3.733333333,5.566666667000001,6.966666667,5.3,2.4666666669999997,0.0002022,0.0002022,N,N,N
A014044A,N,R_10_M,Y,Y,135,1950-1952,0.0002022,0.0002022,0.0002022,0.1,1.0,2.6,3.866666667,5.366666667,3.5,1.166666667,0.0002022,0.0002022,N,N,N
A014044B,N,R_10_M,Y,Y,136,1950-1952,0.0002022,0.0002022,0.0002022,0.066666667,0.36666666700000006,1.233333333,2.333333333,2.666666667,1.6,0.8,0.0002022,0.0002022,N,N,N
A014048,N,R_10_M,Y,Y,139,1950-1952,0.0002022,15.73666667,0.0002022,0.0002022,0.0002022,8.57,8.57,8.57,8.57,0.0002022,0.0002022,0.0002022,N,N,N
A014049,N,R_10_M,Y,Y,140,1950-1952,0.0002022,7.92,0.0002022,0.0002022,0.0002022,14.48,14.48,14.48,14.48,2.003333333,0.0002022,0.0002022,N,N,N
A014051,N,R_10_M,Y,Y,141,1950-1952,0.0002022,0.0002022,0.0002022,0.137333333,0.43241666700000003,4.410699,7.581078667000001,7.543112,4.546176667,1.282733,0.059666667,0.0002022,N,N,N
A014065,N,R_10_M,Y,Y,142,1950-1952,0.0002022,0.0002022,0.0002022,0.0002022,0.0002022,0.0002022,0.0002022,0.0002022,0.0002022,0.0002022,0.0002022,0.0002022,N,Y,Y
A014720,N,R_10_M,Y,Y,161,1950-1952,0.0002022,0.0002022,0.0002022,0.0002022,0.7666666670000001,3.333333333,4.533333333,5.0,6.4,0.166666667,0.0002022,0.0002022,N,N,N
A014777,N,R_10_M,Y,Y,165,1950-1952,0.0002022,0.0002022,0.0002022,0.0002022,0.0002022,0.966666667,0.6333333329999999,1.066666667,0.0002022,0.0002022,0.0002022,0.0002022,N,N,N
A014855,N,R_10_M,Y,Y,169,1950-1952,0.0002022,2.35,1.3533333330000001,0.606666667,1.103333333,4.936666667,9.796666667,12.02666667,9.943333333,6.01,0.376666667,0.0002022,N,N,N
A014856,N,R_10_M,Y,Y,170,1950-1952,0.0002022,0.0002022,0.0002022,0.0002022,0.0002022,0.0002022,0.0002022,0.0002022,0.0002022,0.0002022,0.0002022,0.0002022,N,Y,Y
A014875,N,R_10_M,Y,Y,172,1950-1952,0.0002022,0.0002022,0.0002022,1.066666667,2.266666667,5.7,6.666666667,10.03333333,5.666666667,0.0002022,0.0002022,0.0002022,N,N,N
A015277,N,R_10_M,Y,Y,186,1953-1954,0.0002022,0.0002022,0.0002022,0.036666667,1.166666667,1.733333333,2.7,1.6,1.0,0.4,0.003333333,0.0002022,N,N,N
A015726,N,R_10_M,Y,Y,203,1953-1954,0.0002022,0.0002022,0.0002022,0.0002022,0.0002022,0.0002022,0.0002022,0.0002022,0.0002022,0.0002022,0.0002022,0.0002022,N,Y,Y
A015729,N,R_10_M,Y,Y,207,1953-1954,0.0002022,0.0002022,0.0002022,0.0002022,0.233333333,0.7333333329999999,1.5666666669999998,1.166666667,0.8,0.2,0.033333333,0.0002022,N,N,N
A016405,N,R_10_M,Y,Y,229,1955-1956,0.0002022,0.0002022,0.0002022,0.0002022,0.0002022,0.0002022,0.0002022,0.0002022,0.0002022,0.0002022,0.0002022,0.0002022,N,Y,Y
A016525,N,R_10_M,Y,Y,234,1955-1956,0.0002022,0.0002022,0.0002022,0.0002022,0.0002022,0.033333333,0.066666667,0.1,0.2,0.066666667,0.0002022,0.0002022,N,N,N
A016673,N,R_10_M,Y,Y,240,1955-1956,0.0002022,0.0002022,0.0002022,0.6,0.003333333,4.166733333,6.6333333329999995,6.1,4.566666667,3.5333333330000003,0.0002022,0.0002022,N,N,N
A016821,N,R_10_M,Y,Y,242,1955-1956,0.0002022,0.0002022,0.0002022,0.0002022,0.0002022,0.7333333329999999,1.173333333,1.026666667,1.473333333,1.026666667,0.0002022,0.0002022,N,N,N
A018241,N,R_10_M,Y,Y,274,1957-1959,0.0002022,0.0002022,0.0002022,0.033333333,0.1,0.566666667,0.833333333,0.833333333,0.46666666700000003,0.033333333,0.0002022,0.0002022,N,N,N
A024310A,N,R_10_M,Y,Y,467,1971-1990,0.0002022,0.0002022,0.0002022,0.0002022,1.066666667,3.133333333,4.2,0.0002022,0.0002022,0.0002022,0.0002022,0.0002022,N,N,N
A024310B,N,R_10_M,Y,Y,468,1971-1990,0.0002022,0.0002022,0.0002022,0.0002022,0.0002022,0.0002022,0.0002022,0.0002022,0.0002022,0.0002022,0.0002022,0.0002022,N,Y,Y
A024311A,N,R_10_M,Y,Y,466,1971-1990,0.0002022,0.0002022,0.0002022,0.0002022,0.0002022,0.26666666699999997,0.6333333329999999,0.0002022,0.0002022,0.0002022,0.0002022,0.0002022,N,N,N
A024311B,N,R_10_M,Y,Y,469,1971-1990,0.0002022,0.0002022,0.0002022,0.0002022,0.0002022,0.0002022,0.0002022,0.0002022,0.0002022,0.0002022,0.0002022,0.0002022,N,Y,Y
A024678B,N,R_10_M,Y,Y,492,1971-1990,0.0002022,0.0002022,0.9,0.0002022,0.0002022,0.0002022,0.0002022,0.0002022,0.0002022,0.0002022,0.0002022,0.0002022,N,N,Y
A025025,N,R_10_M,Y,Y,541,1971-1990,0.49,0.513333333,0.47,0.53,0.6133333329999999,0.8533333329999999,1.3133333329999999,1.64,1.3966666669999999,0.813333333,0.49,0.45333333299999995,N,N,N
A025154,N,R_10_M,Y,Y,551,1971-1990,0.0002022,0.0002022,0.0002022,0.0002022,0.786666667,3.18,7.053333332999999,8.786666667,0.0002022,0.0002022,0.0002022,0.0002022,N,N,N
A030282,N,R_10_M,Y,Y,706,1991-PRESENT,0.0002022,0.0002022,0.0002022,0.0002022,0.0002022,0.0002022,0.0002022,0.0002022,0.0002022,0.0002022,0.0002022,0.0002022,N,Y,Y
D031143,N,R_10_M,Y,Y,756,1991-PRESENT,4.166666667,0.933333333,0.133333333,0.7333333329999999,0.5,0.0002022,0.0002022,0.0002022,0.0002022,0.166666667,1.3,1.5,N,N,N
A013182A01,N,R_12_M,Y,Y,84,PRE-1949+1949,0.0002022,0.0002022,0.0002022,0.0002022,0.333333333,2.7566666669999997,2.833333333,3.0,3.333333333,0.7433333329999999,0.0002022,0.0002022,N,N,N
A013182A02,N,R_12_M,Y,Y,85,PRE-1949+1949,0.0002022,0.0002022,0.0002022,0.0002022,0.3,0.666666667,1.2,1.4,1.1,0.6,0.0002022,0.0002022,N,N,N
A013182B,N,R_12_M,Y,Y,86,PRE-1949+1949,0.0002022,0.0002022,0.0002022,0.0002022,1.2,2.766666667,5.066666667,6.0,4.633333333,2.4666666669999997,0.0002022,0.0002022,N,N,N
A013217,N,R_12_M,Y,Y,87,PRE-1949+1949,0.0002022,0.0002022,0.0002022,0.0002022,31.66333333,77.56666667,88.45,89.86,78.44666667,69.19,0.0002022,0.0002022,N,N,N
A013281A01,N,R_12_M,Y,Y,474,1971-1990,0.0002022,0.0002022,0.0002022,0.0002022,5.0,15.66333333,17.64666667,17.68,17.08666667,6.573333333,0.0002022,0.0002022,N,N,N
A013281A02,N,R_12_M,Y,Y,475,1971-1990,0.0002022,0.0002022,0.0002022,0.0002022,1.6666666669999999,10.25333333,11.43333333,13.64,10.17666667,7.873333333,0.0002022,0.0002022,N,N,N
A013281A03,N,R_12_M,Y,Y,476,1971-1990,0.0002022,0.0002022,0.0002022,0.0002022,0.7,1.6333333330000002,3.0333333330000003,3.566666667,2.733333333,1.466666667,0.0002022,0.0002022,N,N,N
A013281B,N,R_12_M,Y,Y,90,PRE-1949+1949,0.0002022,0.0002022,0.0002022,0.0002022,0.0002022,0.0002022,0.0002022,0.0002022,0.0002022,0.0002022,0.0002022,0.0002022,N,Y,Y
A013331,N,R_12_M,Y,Y,94,PRE-1949+1949,0.0002022,0.0002022,0.0002022,0.203333333,0.143333333,0.33930462100000003,1.419365589,1.76292421,1.180773759,0.940198086,0.14572859,0.0002022,N,N,N
A013391,N,R_12_M,Y,Y,95,PRE-1949+1949,0.0002022,0.0002022,0.0002022,0.0002022,0.0002022,0.0002022,0.0002022,0.0002022,0.0002022,0.0002022,0.0002022,0.0002022,N,Y,Y
A013468,N,R_12_M,Y,Y,96,PRE-1949+1949,0.0002022,0.0002022,0.0002022,0.0002022,0.29461333300000003,0.5892263329999999,0.5892263329999999,0.491022,0.540124333,0.39281766700000004,0.0002022,0.0002022,N,N,N
A013874,N,R_12_M,Y,Y,122,1950-1952,0.163333333,0.01,1.129,1.2933333329999999,0.913333333,2.136666667,7.378600333,8.916049333,4.558628333,1.646274333,15.92656333,0.020566667,N,N,N
A013989,N,R_12_M,Y,Y,131,1950-1952,0.05341,0.05341,0.05341,0.05341,0.05341,0.485361,0.485361,0.485361,0.485361,0.34841,0.05341,0.05341,N,N,N
A014047,N,R_12_M,Y,Y,138,1950-1952,0.0002022,0.0002022,0.0002022,0.0009,0.000257667,0.016378333000000002,0.015537733,0.016056,0.017620667,0.017458333,0.0002022,0.0002022,N,N,N
A014339,N,R_12_M,Y,Y,152,1950-1952,0.0002022,0.0002022,0.0002022,0.0002022,0.0002022,0.0002022,0.0002022,0.0002022,0.0002022,0.0002022,0.0002022,0.0002022,N,Y,Y
A014459,N,R_12_M,Y,Y,154,1950-1952,0.0002022,0.0002022,0.0002022,2.0,2.0,2.0,2.666666667,2.666666667,2.666666667,2.666666667,2.0,0.0002022,N,N,N
A014715,N,R_12_M,Y,Y,160,1950-1952,0.066666667,0.0002022,0.0002022,0.0002022,0.0002022,0.0002022,0.0002022,0.0002022,0.0002022,0.0002022,2.433333333,3.433333333,N,N,Y
A014750,N,R_12_M,Y,Y,164,1950-1952,0.0002022,0.0002022,0.0002022,0.0002022,0.0002022,0.38,0.303333333,0.973333333,0.14,0.0002022,0.0002022,0.0002022,N,N,N
A015233,N,R_12_M,Y,Y,185,1953-1954,0.0002022,0.0002022,0.0002022,0.0002022,0.0002022,0.0002022,0.0002022,0.0002022,0.0002022,0.0002022,0.0002022,0.0002022,N,Y,Y
A015370,N,R_12_M,Y,Y,190,1953-1954,0.0002022,0.0002022,0.0002022,0.203333333,0.18,0.58,2.126666667,3.2433333330000003,2.246666667,1.76,0.5,0.0002022,N,N,N
A013579,N,R_12_M,Y,Y,103,1950-1952,0.0002022,0.0002022,0.0002022,0.0002022,0.29461333300000003,0.883839667,0.883839667,0.883839667,0.736533,0.441919667,0.0002022,0.0002022,N,N,N
A015728A,N,R_12_M,Y,Y,205,1953-1954,0.0002022,0.0002022,0.0002022,0.0002022,0.0002022,0.0002022,0.0002022,0.0002022,0.0002022,0.0002022,0.0002022,0.0002022,N,Y,Y
A015728B,N,R_12_M,Y,Y,206,1953-1954,0.0002022,0.0002022,0.0002022,2.0,2.0,2.666666667,3.4,3.566666667,2.0,1.6666666669999999,1.166666667,0.8,N,N,N
A017100,N,R_12_M,Y,Y,249,1955-1956,0.05341,0.05341,0.05341,0.05341,0.05341,0.515361,0.515361,0.515361,0.515361,0.37840999999999997,0.05341,0.05341,N,N,N
A017121,N,R_12_M,Y,Y,250,1955-1956,89.91666667,84.14333333,93.98,96.88666667,108.27,108.15333329999999,117.18666670000002,126.8633333,107.72666670000001,103.2533333,126.59666670000001,96.49,N,N,N
A019339,N,R_12_M,Y,Y,287,1960-1970,0.0002022,0.0002022,0.0002022,0.0002022,0.19640866699999998,0.39281766700000004,0.5892263329999999,0.5892263329999999,0.491022,0.245511,0.0002022,0.0002022,N,N,N
A023212A,N,R_12_M,Y,Y,378,1960-1970,0.0002022,0.0002022,0.0002022,2.733333333,2.7,1.733333333,0.0002022,0.0002022,0.0002022,0.0002022,0.0002022,0.0002022,N,N,N
A023212B,N,R_12_M,Y,Y,379,1960-1970,0.0002022,0.0002022,0.0002022,0.29433333300000003,0.0002022,0.0002022,0.0002022,0.0002022,0.0002022,0.0002022,0.0002022,0.0002022,N,N,Y
A024101,N,R_12_M,Y,Y,450,1971-1990,0.0002022,0.176666667,0.39666666700000003,0.24,0.02,0.05,0.163333333,0.243333333,0.31,0.096666667,0.0002022,0.0002022,N,N,N
A024269A,N,R_12_M,Y,Y,464,1971-1990,0.0002022,0.0002022,0.0002022,0.0002022,0.0002022,0.0002022,0.0002022,0.0002022,0.0002022,0.0002022,0.0002022,0.0002022,N,Y,Y
A024269B,N,R_12_M,Y,Y,465,1971-1990,0.0002022,0.0002022,0.0002022,0.0002022,0.0002022,0.0002022,0.0002022,0.0002022,0.0002022,0.0002022,0.0002022,0.0002022,N,Y,Y
A024864A,N,R_12_M,Y,Y,508,1971-1990,0.0002022,0.0002022,0.0002022,0.0002022,0.0002022,0.0002022,0.0002022,0.0002022,0.0002022,0.0002022,0.0002022,0.0002022,N,Y,Y
A024864B,N,R_12_M,Y,Y,509,1971-1990,0.0002022,0.0002022,0.0002022,0.0002022,0.0002022,0.0002022,0.0002022,0.0002022,0.0002022,0.0002022,0.0002022,0.0002022,N,Y,Y
A024877,N,R_12_M,Y,Y,510,1971-1990,0.0002022,0.0002022,0.0002022,0.0002022,0.0002022,0.0002022,0.0002022,0.0002022,0.0002022,0.0002022,0.0002022,0.0002022,N,Y,Y
A024958A,N,R_12_M,Y,Y,527,1971-1990,0.0002022,0.0002022,0.0002022,0.0002022,0.036826667,0.11662,0.220973333,0.22098,0.0002022,0.0002022,0.0002022,0.0002022,N,N,N
A024958B,N,R_12_M,Y,Y,528,1971-1990,0.0002022,0.0002022,0.0002022,0.0002022,0.0002022,0.0002022,0.0002022,0.0002022,0.0002022,0.0002022,0.0002022,0.0002022,N,Y,Y
A025344,N,R_12_M,Y,Y,558,1971-1990,1.066666667,0.033333333,5.5,1.5,2.366666667,2.6,2.5333333330000003,5.433333332999999,7.5,2.433333333,0.033333333,0.033333333,N,N,N
A027327,N,R_12_M,Y,Y,612,1971-1990,0.0002022,0.0002022,0.0002022,0.0002022,0.0002022,0.0002022,0.0002022,0.0002022,0.0002022,0.0002022,1.5,0.5,N,N,Y
A027941,N,R_12_M,Y,Y,624,1971-1990,6.2,0.0002022,0.0002022,0.0002022,0.0002022,1.7,23.36666667,29.76666667,13.9,12.13333333,2.366666667,0.0002022,N,N,N
A029411,N,R_12_M,Y,Y,676,1971-1990,0.0002022,0.0002022,0.0002022,0.0002022,0.022096,0.0221,0.209901333,0.162045333,0.10678399999999999,0.110488667,0.0002022,0.0002022,N,N,N
A029412,N,R_12_M,Y,Y,677,1971-1990,0.0002022,0.0002022,0.0002022,0.0002022,0.0002022,0.0002022,0.0002022,0.0002022,0.19640666699999998,0.343708667,0.0002022,0.0002022,N,N,N
A029517,N,R_12_M,Y,Y,686,1971-1990,0.0002022,0.0002022,0.0002022,0.0002022,0.0002022,0.0002022,0.0002022,0.0002022,0.0002022,0.0002022,0.0002022,0.0002022,N,Y,Y
A029547,N,R_12_M,Y,Y,687,1971-1990,10.06666667,0.0002022,0.26666666699999997,0.0002022,0.0002022,0.0002022,0.0002022,0.0002022,0.0002022,0.0002022,0.0002022,0.0002022,N,N,Y
A030397,N,R_12_M,Y,Y,713,1991-PRESENT,0.0002022,0.0002022,0.0002022,0.0002022,0.0002022,0.0002022,0.0002022,0.0002022,0.0002022,0.0002022,0.0002022,0.0002022,N,Y,Y
A030412,N,R_12_M,Y,Y,714,1991-PRESENT,0.02,0.003333333,0.013333333000000001,0.013333333000000001,0.5,0.9933333329999999,1.686666667,1.7033333330000002,1.236666667,0.07,0.06333333299999999,0.003333333,N,N,N
D031451,N,R_12_M,Y,Y,781,1991-PRESENT,0.061377999999999995,0.061377999999999995,0.092067,0.21482300000000001,0.24551199999999998,0.27620100000000003,0.27620100000000003,0.30689,0.27620100000000003,0.184134,0.040918667,0.040918667,N,N,N
D031801,N,R_12_M,Y,Y,806,1991-PRESENT,1.333333333,1.333333333,0.533333333,0.066666667,0.033333333,0.0002022,0.0002022,0.0002022,0.0002022,0.0002022,0.36666666700000006,0.566666667,N,N,N
S008628,N,R_12_M,Y,Y,4,PRE-1914,0.6310623329999999,1.157273333,0.808134667,1.5879373330000002,3.434478667,3.694003333,4.40574,4.321623333,3.950155,2.831063667,1.928509,0.846120333,N,N,N
S014857,N,R_12_M,Y,Y,45,PRE-1914,0.18666666699999998,0.18666666699999998,0.18666666699999998,0.166666667,0.0002022,0.0002022,0.0002022,0.0002022,0.0002022,0.0002022,0.02,0.02,N,N,Y
S022853,N,R_12_M,Y,Y,15,PRE-1914,0.0002022,0.6,0.0002022,0.1,0.533333333,2.2,3.066666667,2.4666666669999997,1.6666666669999999,0.433333333,0.3,0.0002022,N,N,N
S022856,N,R_12_M,Y,Y,16,PRE-1914,0.0002022,0.4,0.0002022,0.033333333,0.46666666700000003,1.266666667,2.4666666669999997,2.266666667,2.0,0.4,0.066666667,0.0002022,N,N,N
A002928,N,R_13_M,Y,Y,56,PRE-1949+1949,0.0002022,0.0002022,0.0002022,0.0002022,0.0002022,0.0002022,0.0002022,0.0002022,0.0002022,0.0002022,0.0002022,0.0002022,N,Y,Y
A014826,N,R_13_M,Y,Y,166,1950-1952,0.0002022,0.0002022,0.0002022,0.0002022,0.0002022,125.0,0.0002022,0.0002022,0.0002022,0.0002022,0.0002022,0.0002022,N,N,N
A024889,N,R_13_M,Y,Y,512,1971-1990,2.022e-05,2.022e-05,2.022e-05,2.022e-05,2.022e-05,2.022e-05,2.022e-05,2.022e-05,2.022e-05,2.022e-05,2.022e-05,2.022e-05,Y,N,N
A024931,N,R_13_M,Y,Y,521,1971-1990,0.193749333,0.169914333,0.18577,0.183315,0.189759667,0.188123,0.188020667,0.18658866699999999,0.184235667,0.185361,0.18075766699999998,0.185565667,N,N,N
A024967,N,R_13_M,Y,Y,530,1971-1990,0.2,0.133333333,0.1,0.36666666700000006,0.666666667,15.73333333,5.333333333,0.6333333329999999,0.7333333329999999,0.6,0.36666666700000006,0.133333333,N,N,N
A024968A,N,R_13_M,Y,Y,531,1971-1990,0.0002022,0.0002022,0.0002022,0.0002022,0.0002022,10.1,9.366666667,0.0002022,0.0002022,0.0002022,0.0002022,0.0002022,N,N,N
A024968B,N,R_13_M,Y,Y,532,1971-1990,0.0002022,0.0002022,0.6233333329999999,0.01,1.3633333330000001,0.0002022,0.0002022,0.0002022,0.0002022,0.0002022,0.0002022,0.0002022,N,N,N
A024969B,N,R_13_M,Y,Y,533,1971-1990,0.0002022,0.0002022,0.0002022,0.0002022,0.0002022,0.0002022,0.0002022,0.0002022,0.0002022,0.0002022,0.0002022,0.0002022,N,Y,Y
A025394,N,R_13_M,Y,Y,559,1971-1990,0.0002022,0.0002022,0.0002022,0.0002022,0.0002022,0.0002022,0.0002022,0.0002022,0.0002022,0.0002022,0.0002022,0.0002022,N,Y,Y
A015779,N,R_13_M,Y,Y,209,1953-1954,0.0002022,0.0002022,0.0002022,0.0002022,0.0002022,60.0,6.0,0.0002022,0.0002022,0.0002022,0.0002022,0.0002022,N,N,N
A017632,N,R_13_M,Y,Y,260,1957-1959,3.06,3.4466666669999997,3.153333333,3.836666667,5.71,6.496666667,7.223333332999999,6.753333333,6.903333333,5.773333332999999,4.796666667,2.956666667,N,N,N
A024932,N,R_13_M,Y,Y,522,1971-1990,0.015507,0.014172667,0.015507,0.015007,0.015507,0.015007,0.015507,0.015507,0.015007,0.015507,0.015007,0.015507,N,N,N
A024935,N,R_13_M,Y,Y,523,1971-1990,0.023,0.023,0.023,0.023,0.023,0.023,0.023,0.023,0.023,0.023,0.023,0.023,N,N,N
A025084,N,R_13_M,Y,Y,548,1971-1990,0.019027000000000002,0.017186,0.019027000000000002,0.018413,0.019027000000000002,0.013196000000000001,0.0036825000000000004,0.009513500000000001,0.006138,0.005831,0.012889,0.019027000000000002,N,N,N
A025207,N,R_13_M,Y,Y,554,1971-1990,0.0038,0.0038,0.0038,0.005333333000000001,0.008556666999999999,0.010558,0.010767667,0.009404000000000001,0.00933,0.008380333,0.008343666999999999,0.005558,N,N,N
D030211,N,R_13_M,Y,Y,704,1991-PRESENT,0.04987,0.04987,0.04987,0.04987,0.04987,0.04987,0.04987,0.04987,0.04987,0.04987,0.04987,0.04987,N,N,N
D030221,N,R_13_M,Y,Y,705,1991-PRESENT,0.08147,0.08147,0.08147,0.08147,0.08147,0.08147,0.08147,0.08147,0.08147,0.08147,0.08147,0.08147,N,N,N
D031668,N,R_13_M,Y,Y,802,1991-PRESENT,0.0276,0.0276,0.0276,0.3069,0.3069,0.3069,0.3069,0.3069,0.3069,0.3069,0.0276,0.0276,N,N,N
S013755,N,R_13_M,Y,Y,14,PRE-1914,0.0002022,0.0002022,0.0002022,0.0002022,0.0002022,0.0002022,0.0002022,0.0002022,0.0002022,0.0002022,0.0002022,0.0002022,N,Y,Y
