USER,RIPARIAN,BASIN,MAINSTEM,UPPER_RUSSIAN,PRIORITY,PRIORITY_CLASS,2022-01,2022-02,2022-03,2022-04,2022-05,2022-06,2022-07,2022-08,2022-09,2022-10,2022-11,2022-12,NULL_DEMAND,ZERO_DEMAND,MAY_SEPT_ZERO_DEMAND
S000114,N,R_22,N,N,48.0,PRE-1914,0.22,0.16,0.22,0.22,0.13,0.08,0.09,0.09,0.08,0.11,0.17,0.18,N,N,N
S000115,N,R_22,N,N,49.0,PRE-1914,0.11,0.08,0.11,0.11,0.09,0.05,0.05,0.05,0.05,0.05,0.08,0.09,N,N,N
A019649,N,R_14,N,N,174.0,1960-1970,2.0,0.0002022,1.0,1.0,1.0,0.5,0.0002022,0.0002022,0.0002022,0.0002022,0.0002022,0.5,N,N,N
A020129,N,R_14,N,N,186.0,1960-1970,1.15,1.76,0.6,0.3,0.0002022,0.0002022,0.0002022,0.0002022,0.0002022,0.0002022,0.6,0.58,N,N,Y
A022496,N,R_14,N,N,236.0,1960-1970,2.022e-05,2.022e-05,2.022e-05,2.022e-05,2.022e-05,2.022e-05,2.022e-05,2.022e-05,2.022e-05,2.022e-05,2.022e-05,2.022e-05,Y,N,N
A024300A,N,R_14,N,N,273.0,1971-1990,0.0002022,0.0002022,0.0002022,0.0002022,0.0002022,0.0002022,0.0002022,0.0002022,0.0002022,0.0002022,122.3,36.96,N,N,Y
A025964,N,R_14,N,N,328.0,1971-1990,0.0002022,0.0002022,0.0002022,0.0002022,0.0002022,0.0002022,0.0002022,0.0002022,0.0002022,0.0002022,0.0002022,0.0002022,N,Y,Y
A029562,N,R_14,N,N,378.0,1971-1990,2.9,0.03,0.0002022,0.0002022,0.0002022,0.0002022,0.0002022,0.0002022,0.0002022,0.0002022,5.93,6.06,N,N,Y
A029628,N,R_14,N,N,383.0,1971-1990,0.0002022,0.0002022,120.2,0.0002022,0.0002022,0.0002022,0.0002022,0.0002022,0.0002022,0.0002022,0.0002022,0.0002022,N,N,Y
A031363,N,R_14,N,N,419.0,1991-PRESENT,6.43,2.63,0.13,0.0002022,0.0002022,0.0002022,0.0002022,0.0002022,0.0002022,0.0002022,0.36,3.73,N,N,Y
L031802,N,R_14,N,N,433.0,1991-PRESENT,0.43,0.0002022,0.0002022,0.0002022,0.0002022,0.0002022,0.0002022,0.0002022,0.0002022,0.0002022,0.43,0.6,N,N,Y
A016218,N,R_15,N,N,133.0,1955-1956,0.0002022,0.0002022,0.0002022,0.0002022,0.0002022,0.0002022,0.0002022,0.0002022,0.0002022,0.0002022,0.0002022,0.0002022,N,Y,Y
A017689,N,R_15,N,N,150.0,1957-1959,0.0002022,0.03,0.11,0.32,0.16,0.74,2.29,1.56,1.33,0.2,0.02,0.0002022,N,N,N
A018235,N,R_15,N,N,157.0,1957-1959,0.0002022,0.0002022,0.0002022,0.0002022,0.0002022,0.0002022,0.0002022,0.0002022,0.0002022,0.0002022,0.0002022,0.0002022,N,Y,Y
A022090,N,R_15,N,N,227.0,1960-1970,2.022e-05,2.022e-05,2.022e-05,2.022e-05,2.022e-05,2.022e-05,2.022e-05,2.022e-05,2.022e-05,2.022e-05,2.022e-05,2.022e-05,Y,N,N
A022141,N,R_15,N,N,228.0,1960-1970,2.022e-05,2.022e-05,2.022e-05,2.022e-05,2.022e-05,2.022e-05,2.022e-05,2.022e-05,2.022e-05,2.022e-05,2.022e-05,2.022e-05,Y,N,N
A022237,N,R_15,N,N,230.0,1960-1970,0.01,0.009718000000000001,0.007160667,0.003069,0.001534333,0.000102333,5.1e-05,0.0002022,0.0002022,0.0002022,0.003069,0.0005114669999999999,N,N,N
A023173,N,R_14,N,N,257.0,1960-1970,0.0002022,0.0002022,0.0002022,0.0002022,0.0002022,0.16,0.16,0.0002022,0.0002022,0.0002022,0.0002022,0.0002022,N,N,N
A025998,N,R_15,N,N,329.0,1971-1990,0.0002022,0.0002022,0.32,0.57,0.26,0.64,1.37,1.56,1.06,0.49,0.0002022,0.0002022,N,N,N
A027953,N,R_15,N,N,360.0,1971-1990,0.0002022,0.0002022,0.0002022,0.0002022,0.0002022,0.0002022,0.0002022,0.0002022,0.0002022,0.0002022,0.33,0.13,N,N,Y
A029199,N,R_15,N,N,369.0,1971-1990,18.1,5.9,7.4,0.06,0.0002022,0.0002022,0.0002022,0.0002022,0.0002022,0.13,2.23,11.66,N,N,Y
D029862,N,R_15,N,N,391.0,1971-1990,0.003333333,0.006666666999999999,0.003333333,0.006666666999999999,0.0002022,0.0002022,0.0002022,0.0002022,0.0002022,0.0002022,0.0002022,0.003333333,N,N,Y
D030095,N,R_15,N,N,396.0,1991-PRESENT,0.0002022,0.0002022,0.0002022,0.0002022,0.0002022,0.0002022,0.0002022,0.0002022,0.0002022,0.0002022,0.0002022,0.0002022,N,Y,Y
D031681,N,R_15,N,N,428.0,1991-PRESENT,1.33,2.0,0.33,0.0002022,0.0002022,0.0002022,0.0002022,0.0002022,0.0002022,0.0002022,0.0002022,0.33,N,N,Y
D031803,N,R_15,N,N,432.0,1991-PRESENT,0.63,0.0002022,0.0002022,0.0002022,0.0002022,0.0002022,0.0002022,0.0002022,0.0002022,0.0002022,0.8,0.8,N,N,Y
A004612,N,R_16,N,N,34.0,PRE-1949+1949,0.0002022,0.0002022,0.0002022,0.000666667,0.0007,0.0007,0.0007,0.0007,0.0007,0.000666667,0.0002022,0.0002022,N,N,N
A011327,N,R_16,N,N,44.0,PRE-1949+1949,0.0002022,0.0002022,0.0002022,0.0002022,0.0002022,0.0002022,0.0002022,0.0002022,0.0002022,0.0002022,0.0002022,0.0002022,N,Y,Y
A013359,N,R_16,N,N,70.0,PRE-1949+1949,0.0002022,0.0002022,0.0002022,4.76,4.73,15.83,6.13,6.73,2.73,0.0002022,0.0002022,0.0002022,N,N,N
A015299,N,R_16,N,N,117.0,1953-1954,0.0002022,0.0002022,0.0002022,0.0002022,0.0002022,0.0002022,0.0002022,0.0002022,0.0002022,0.0002022,0.0002022,0.0002022,N,Y,Y
A015624,N,R_16,N,N,121.0,1953-1954,1.0,0.66,0.0002022,0.0002022,0.0002022,0.0002022,0.0002022,0.0002022,0.0002022,0.0002022,1.66,3.66,N,N,Y
A015947,N,R_16,N,N,130.0,1953-1954,10.0,0.0002022,0.0002022,0.0002022,0.0002022,0.0002022,0.0002022,0.0002022,0.0002022,0.0002022,10.0,20.0,N,N,Y
A017098,N,R_16,N,N,144.0,1955-1956,0.0002022,0.0002022,0.0002022,0.0002022,0.0002022,0.0002022,0.0002022,0.0002022,0.0002022,0.0002022,0.0002022,0.0002022,N,Y,Y
A017237,N,R_16,N,N,145.0,1955-1956,1.66,0.0002022,0.0002022,0.0002022,0.0002022,0.0002022,0.0002022,0.0002022,0.0002022,0.0002022,3.0,10.7,N,N,Y
A017263,N,R_16,N,N,146.0,1955-1956,0.33,0.33,0.33,0.33,0.33,0.33,0.33,0.33,0.33,0.33,0.33,0.33,N,N,N
A017479,N,R_16,N,N,148.0,1957-1959,0.0002022,0.0002022,0.0002022,0.0002022,0.0002022,0.0002022,0.0002022,0.0002022,0.0002022,0.0002022,0.0002022,0.0002022,N,Y,Y
A017833,N,R_16,N,N,152.0,1957-1959,2.022e-05,2.022e-05,2.022e-05,2.022e-05,2.022e-05,2.022e-05,2.022e-05,2.022e-05,2.022e-05,2.022e-05,2.022e-05,2.022e-05,Y,N,N
A018127,N,R_16,N,N,155.0,1957-1959,2.022e-05,2.022e-05,2.022e-05,2.022e-05,2.022e-05,2.022e-05,2.022e-05,2.022e-05,2.022e-05,2.022e-05,2.022e-05,2.022e-05,Y,N,N
A019089,N,R_16,N,N,165.0,1957-1959,5.76,0.16,0.0002022,0.06,0.0002022,0.0002022,0.0002022,0.0002022,0.0002022,0.5,9.3,11.33,N,N,Y
A019241,N,R_16,N,N,166.0,1960-1970,3.0,2.5,0.5,0.0002022,0.0002022,0.0002022,0.0002022,0.0002022,0.0002022,0.0002022,0.0002022,4.5,N,N,Y
A019554,N,R_16,N,N,172.0,1960-1970,0.0002022,0.0002022,0.0002022,0.0002022,0.0002022,0.0002022,0.0002022,0.0002022,0.0002022,0.0002022,0.0002022,0.0002022,N,Y,Y
A019720,N,R_16,N,N,176.0,1960-1970,0.19,0.08,0.08,0.03,0.05,0.0002022,0.0002022,0.0002022,0.0002022,0.06,0.1,0.19,N,N,N
A020005,N,R_16,N,N,180.0,1960-1970,0.0002022,0.0002022,0.0002022,0.0002022,0.0002022,0.0002022,0.0002022,0.0002022,0.0002022,0.0002022,0.0002022,0.0002022,N,Y,Y
A020015,N,R_16,N,N,181.0,1960-1970,0.33,0.46,0.23,0.26,0.0002022,0.0002022,0.0002022,0.0002022,0.0002022,0.83,2.4,0.9,N,N,Y
A020114,N,R_16,N,N,184.0,1960-1970,0.0002022,0.0002022,0.0002022,0.0002022,0.0002022,0.0002022,0.0002022,0.0002022,0.0002022,0.0002022,0.0002022,0.0002022,N,Y,Y
A020493,N,R_16,N,N,195.0,1960-1970,0.0002022,0.0002022,0.0002022,0.0002022,0.0002022,0.0002022,0.0002022,0.0002022,0.0002022,0.0002022,0.0002022,0.0002022,N,Y,Y
A020728,N,R_16,N,N,201.0,1960-1970,3.33,3.0,1.33,0.66,0.0002022,0.0002022,0.0002022,0.0002022,0.0002022,0.0002022,0.0002022,2.0,N,N,Y
A020733,N,R_16,N,N,202.0,1960-1970,5.33,2.66,0.0002022,0.0002022,0.0002022,0.0002022,0.0002022,0.0002022,0.0002022,0.0002022,2.33,4.33,N,N,Y
A020951,N,R_16,N,N,207.0,1960-1970,0.0002022,0.0002022,0.0002022,0.0002022,0.0002022,0.0002022,0.0002022,0.0002022,0.0002022,0.0002022,0.0002022,0.0002022,N,Y,Y
A021052,N,R_16,N,N,210.0,1960-1970,0.0002022,0.0002022,0.0002022,0.0002022,0.16,0.36,0.33,0.06,0.0002022,0.0002022,0.0002022,0.0002022,N,N,N
A021191,N,R_16,N,N,214.0,1960-1970,0.41,0.41,0.41,0.41,0.41,0.41,0.41,0.41,0.41,0.41,0.41,0.41,N,N,N
A021210,N,R_16,N,N,215.0,1960-1970,0.004603,0.001534333,0.001534333,0.004603333,0.004603333,0.004603333,0.004603333,0.004603333,0.004603333,0.004603333,0.004603333,0.001534333,N,N,N
A022151,N,R_16,N,N,229.0,1960-1970,5.96,0.23,3.16,0.0002022,0.0002022,0.0002022,0.0002022,0.0002022,0.0002022,0.0002022,2.06,8.53,N,N,Y
A023077,N,R_16,N,N,252.0,1960-1970,0.0002022,0.0002022,0.0002022,0.0002022,0.0002022,0.0002022,0.0002022,0.0002022,0.0002022,0.0002022,0.0002022,0.0002022,N,Y,Y
A023094,N,R_16,N,N,253.0,1960-1970,2.0,2.0,2.0,1.33,0.0002022,0.0002022,0.0002022,0.0002022,0.0002022,0.0002022,0.0002022,1.0,N,N,Y
A024223,N,R_16,N,N,265.0,1971-1990,1.0,1.0,1.0,0.2,0.0002022,0.0002022,0.0002022,0.0002022,0.0002022,0.0002022,0.0002022,0.0002022,N,N,Y
A024544,N,R_16,N,N,276.0,1971-1990,8.96,0.33,0.46,0.0002022,0.0002022,0.0002022,0.0002022,0.0002022,0.0002022,0.0002022,0.2,2.73,N,N,Y
A024782,N,R_16,N,N,287.0,1971-1990,0.0002022,0.0002022,0.0002022,0.0002022,0.0002022,0.0002022,0.0002022,0.0002022,0.0002022,0.0002022,0.0002022,0.0002022,N,Y,Y
A025125,N,R_16,N,N,308.0,1971-1990,2.022e-05,2.022e-05,2.022e-05,2.022e-05,2.022e-05,2.022e-05,2.022e-05,2.022e-05,2.022e-05,2.022e-05,2.022e-05,2.022e-05,Y,N,N
A026440,N,R_16,N,N,337.0,1971-1990,6.3,1.03,1.0,0.16,0.0002022,0.0002022,0.0002022,0.0002022,0.0002022,0.0002022,1.9,3.06,N,N,Y
A026442,N,R_16,N,N,338.0,1971-1990,184.7,32.13,16.0,11.7,0.0002022,0.0002022,0.0002022,0.0002022,0.0002022,0.0002022,7.36,33.43,N,N,Y
A026561,N,R_16,N,N,340.0,1971-1990,0.0002022,0.0002022,0.0002022,0.0002022,0.0002022,0.0002022,0.0002022,0.0002022,0.0002022,0.0002022,0.0002022,0.0002022,N,Y,Y
A027031,N,R_16,N,N,346.0,1971-1990,3.35,3.35,3.35,3.35,0.0002022,0.0002022,0.0002022,0.0002022,0.0002022,0.0002022,0.0002022,0.0002022,N,N,Y
A027702,N,R_16,N,N,357.0,1971-1990,0.0002022,0.0002022,0.0002022,0.0002022,0.03,0.0002022,0.0002022,0.0002022,0.0002022,0.0002022,0.66,0.53,N,N,N
A028402,N,R_16,N,N,363.0,1971-1990,0.1,0.0002022,0.0002022,0.0002022,0.0002022,0.0002022,0.0002022,0.0002022,0.0002022,0.0002022,0.1,0.23,N,N,Y
A029538,N,R_16,N,N,381.0,1971-1990,0.1,0.0002022,0.0002022,0.0002022,0.0002022,0.0002022,0.0002022,0.0002022,0.0002022,0.0002022,1.6,1.76,N,N,Y
A029986,N,R_16,N,N,395.0,1991-PRESENT,5.33,3.66,4.33,1.33,0.0002022,0.0002022,0.0002022,0.0002022,0.0002022,0.0002022,0.0002022,1.33,N,N,Y
A030173,N,R_16,N,N,400.0,1991-PRESENT,0.16,0.0002022,0.0002022,0.0002022,0.0002022,0.0002022,0.0002022,0.0002022,0.0002022,0.0002022,0.86,2.86,N,N,Y
A030933,N,R_16,N,N,410.0,1991-PRESENT,4.96,4.33,0.0002022,0.0002022,0.0002022,0.0002022,0.0002022,0.0002022,0.0002022,0.0002022,0.06,1.0,N,N,Y
C003981,N,R_16,N,N,394.0,1991-PRESENT,3.0,1.66,1.66,1.33,0.0002022,0.0002022,0.0002022,0.0002022,0.0002022,0.0002022,0.0002022,1.0,N,N,Y
D029507,N,R_16,N,N,380.0,1971-1990,0.0002022,0.0002022,0.0002022,0.0002022,0.0002022,0.0002022,0.0002022,0.0002022,0.0002022,0.0002022,0.0002022,0.0002022,N,Y,Y
D029831,N,R_16,N,N,413.0,1991-PRESENT,0.0002022,0.0002022,0.0002022,0.0002022,0.0002022,0.0002022,0.0002022,0.0002022,0.0002022,0.0002022,0.0002022,0.73,N,N,Y
D030758,N,R_16,N,N,409.0,1991-PRESENT,0.3,0.2,0.04,0.0002022,0.0002022,0.0002022,0.0002022,0.0002022,0.0002022,0.02,0.1,0.15,N,N,Y
D031267,N,R_16,N,N,415.0,1991-PRESENT,0.43,0.43,0.43,0.43,0.0002022,0.0002022,0.0002022,0.0002022,0.0002022,0.43,0.43,0.43,N,N,Y
D031569,N,R_16,N,N,423.0,1991-PRESENT,0.0002022,0.0002022,0.0002022,0.0002022,0.0002022,0.0002022,0.0002022,0.0002022,0.0002022,0.0002022,0.0002022,0.0002022,N,Y,Y
D032058,N,R_16,N,N,434.0,1991-PRESENT,0.0002022,0.0002022,0.0002022,0.0002022,0.0002022,0.0002022,0.0002022,0.0002022,0.0002022,0.0002022,0.0002022,0.0002022,N,Y,Y
D032534,N,R_16,N,N,445.0,1991-PRESENT,0.01,0.01,0.01,0.01,0.04,0.04,0.04,0.04,0.04,0.01,0.01,0.01,N,N,N
D032725,N,R_16,N,N,449.0,1991-PRESENT,0.0002022,0.0002022,0.0002022,0.0002022,0.0002022,0.0002022,0.0002022,0.0002022,0.0002022,0.0002022,0.0002022,0.0002022,N,Y,Y
L032735,N,R_16,N,N,450.0,1991-PRESENT,7.8,0.0002022,0.0002022,0.0002022,0.0002022,0.0002022,0.0002022,0.0002022,0.0002022,0.0002022,0.0002022,0.0002022,N,N,Y
S009040,N,R_16,N,N,25.0,PRE-1914,0.13,0.13,0.13,0.13,0.13,0.16,0.16,0.16,0.16,0.16,0.13,0.13,N,N,N
S009045,N,R_16,N,N,7.0,PRE-1914,2.022e-05,2.022e-05,2.022e-05,2.022e-05,2.022e-05,2.022e-05,2.022e-05,2.022e-05,2.022e-05,2.022e-05,2.022e-05,2.022e-05,Y,N,N
S027251,N,R_16,N,N,26.0,PRE-1914,0.2,0.2,0.2,0.2,0.27,0.5,0.5,0.5,0.5,0.5,0.5,0.5,N,N,N
S027799,N,R_16,N,N,24.0,PRE-1914,0.06,0.06,0.06,0.06,0.06,0.06,0.06,0.06,0.06,0.06,0.06,0.06,N,N,N
A014513,N,R_17,N,N,105.0,1950-1952,0.0002022,0.0002022,0.0002022,0.0002022,0.0002022,0.0002022,0.0002022,0.0002022,0.0002022,1.0,1.0,1.33,N,N,Y
A015237,N,R_17,N,N,116.0,1953-1954,0.0002022,0.0002022,0.0002022,0.0002022,0.0002022,0.0002022,0.0002022,0.0002022,0.0002022,0.0002022,4.0,4.0,N,N,Y
A020264,N,R_17,N,N,190.0,1960-1970,3.83,1.0,1.0,0.33,0.0002022,0.0002022,0.0002022,0.0002022,0.0002022,0.0002022,1.06,3.6,N,N,Y
A020557,N,R_17,N,N,196.0,1960-1970,12.9,2.63,1.66,0.4,0.0002022,0.0002022,0.0002022,0.0002022,0.0002022,0.0002022,1.03,4.73,N,N,Y
A020769,N,R_17,N,N,203.0,1960-1970,0.0002022,0.0002022,0.0002022,0.0002022,0.0002022,0.0002022,0.0002022,0.0002022,0.0002022,0.0002022,0.0002022,0.0002022,N,Y,Y
A020788,N,R_17,N,N,204.0,1960-1970,5.5,0.0002022,1.7,0.0002022,0.0002022,0.0002022,0.0002022,0.0002022,0.0002022,0.0002022,0.66,3.7,N,N,Y
A020979,N,R_17,N,N,208.0,1960-1970,0.22,0.08,0.05,0.0002022,0.0002022,0.0002022,0.0002022,0.0002022,0.0002022,0.0002022,0.23,0.51,N,N,Y
A025367,N,R_17,N,N,315.0,1971-1990,1.51,1.67,1.0,0.49,0.25,0.0002022,0.0002022,0.0002022,0.0002022,0.03,0.35,0.41,N,N,N
A025623,N,R_17,N,N,320.0,1971-1990,0.0002022,0.0002022,0.0002022,0.0002022,0.0002022,0.0002022,0.0002022,0.0002022,0.0002022,0.66,2.0,1.33,N,N,Y
A026298A,N,R_17,N,N,335.0,1971-1990,0.01,0.02,0.04,0.06,0.06,0.06,0.06,0.06,0.06,0.29,10.36,2.74,N,N,N
A027757,N,R_17,N,N,358.0,1971-1990,2.06,0.76,0.46,0.0002022,0.0002022,0.0002022,0.0002022,0.0002022,0.0002022,0.0002022,2.23,4.9,N,N,Y
A029671,N,R_17,N,N,384.0,1971-1990,0.66,0.24,0.15,0.0002022,0.0002022,0.0002022,0.0002022,0.0002022,0.0002022,0.0002022,0.7,1.56,N,N,Y
C003979,N,R_17,N,N,392.0,1991-PRESENT,1.0,1.0,0.66,1.66,0.0002022,0.0002022,0.0002022,0.0002022,0.0002022,0.0002022,0.0002022,2.0,N,N,Y
A010915,N,R_18,N,N,41.0,PRE-1949+1949,0.0002022,0.0002022,0.0002022,0.0002022,0.0002022,0.0002022,0.0002022,0.0002022,0.0002022,0.0002022,0.0002022,0.0002022,N,Y,Y
A011315,N,R_18,N,N,43.0,PRE-1949+1949,0.0002022,0.0002022,0.0002022,0.0002022,0.07,0.2,0.24,0.47,0.11,0.03,0.0002022,0.0002022,N,N,N
A012330,N,R_18,N,N,47.0,PRE-1949+1949,0.0002022,0.0002022,0.0002022,0.0002022,0.0002022,0.0002022,0.0002022,0.0002022,0.0002022,0.0002022,0.0002022,0.0002022,N,Y,Y
A012877,N,R_18,N,N,52.0,PRE-1949+1949,0.0002022,0.0002022,0.0002022,0.0002022,0.0002022,0.0002022,0.0002022,0.0002022,0.0002022,0.0002022,0.0002022,0.0002022,N,Y,Y
A018522,N,R_18,N,N,159.0,1957-1959,0.0002022,0.0002022,0.0002022,0.0002022,0.0002022,0.0002022,0.0002022,0.0002022,0.0002022,0.0002022,0.0002022,0.0002022,N,Y,Y
A020798,N,R_18,N,N,205.0,1960-1970,1.66,1.66,1.0,0.33,0.33,0.0002022,0.0002022,0.0002022,0.0002022,0.33,1.0,1.33,N,N,N
A021658,N,R_18,N,N,219.0,1960-1970,0.0002022,0.0002022,0.0002022,0.0002022,0.0002022,0.0002022,0.0002022,0.0002022,0.0002022,0.0002022,0.0002022,0.0002022,N,Y,Y
A021919,N,R_18,N,N,224.0,1960-1970,0.0002022,0.0002022,2.0,4.0,0.0002022,0.0002022,0.0002022,0.0002022,0.0002022,0.0002022,0.0002022,0.0002022,N,N,Y
A024761,N,R_18,N,N,282.0,1971-1990,0.0002022,0.0002022,0.0002022,0.0002022,0.0002022,0.0002022,0.0002022,0.0002022,0.0002022,0.0002022,0.0002022,0.0002022,N,Y,Y
A024780,N,R_18,N,N,286.0,1971-1990,1.5,1.5,1.23,0.26,0.33,0.0002022,0.0002022,0.0002022,0.0002022,0.0002022,0.0002022,0.0002022,N,N,N
A025325,N,R_18,N,N,313.0,1971-1990,0.0002022,0.0002022,0.0002022,0.0002022,0.0002022,0.0002022,0.0002022,0.0002022,0.0002022,0.0002022,0.0002022,0.0002022,N,Y,Y
A026298B,N,R_18,N,N,336.0,1971-1990,0.0002022,0.0002022,0.0002022,0.5,1.75,3.37,6.42,4.28,2.77,1.01,0.0002022,0.0002022,N,N,N
A029333,N,R_18,N,N,373.0,1971-1990,0.0002022,0.0002022,0.00388081,0.0002022,0.0002022,1.67e-05,0.16,1e-05,2.6700000000000002e-05,0.0002022,0.0002022,0.0002022,N,N,N
A029502,N,R_18,N,N,377.0,1971-1990,1.0,1.0,0.0002022,0.0002022,0.0002022,0.0002022,0.0002022,0.0002022,0.0002022,0.0002022,0.5,0.5,N,N,Y
A029610,N,R_18,N,N,382.0,1971-1990,1.0,0.0002022,0.0002022,0.0002022,0.0002022,0.0002022,0.0002022,0.0002022,0.0002022,0.0002022,0.0002022,3.5,N,N,Y
A030882,N,R_18,N,N,406.0,1991-PRESENT,0.0002022,0.0002022,0.0002022,0.0002022,0.0002022,0.0002022,0.0002022,0.0002022,0.0002022,0.0002022,0.0002022,0.0002022,N,Y,Y
D030353,N,R_18,N,N,402.0,1991-PRESENT,0.0002022,0.0002022,0.0002022,0.0002022,0.0002022,0.0002022,0.0002022,0.0002022,0.0002022,0.0002022,0.0002022,0.0002022,N,Y,Y
D031555,N,R_18,N,N,421.0,1991-PRESENT,0.0002022,0.0002022,0.0002022,0.0002022,0.0002022,0.0002022,0.0002022,0.0002022,0.0002022,0.0002022,0.0002022,0.0002022,N,Y,Y
D031651,N,R_18,N,N,426.0,1991-PRESENT,0.21,0.21,0.21,0.21,0.0002022,0.0002022,0.0002022,0.0002022,0.0002022,0.0002022,0.21,0.21,N,N,Y
D032275,N,R_18,N,N,440.0,1991-PRESENT,1.83,1.7,1.96,0.86,0.2,0.0002022,0.0002022,0.0002022,0.0002022,0.0002022,0.53,1.03,N,N,N
D032464,N,R_18,N,N,444.0,1991-PRESENT,0.0002022,0.0002022,0.01,0.0002022,0.01,0.0002022,0.0002022,0.0002022,0.0002022,0.0002022,0.01,0.009207,N,N,N
D032713,N,R_18,N,N,448.0,1991-PRESENT,0.02,0.02,0.02,0.02,0.02,0.02,0.0002022,0.0002022,0.0002022,0.02,0.02,0.02,N,N,N
S008709,N,R_18,N,N,14.0,PRE-1914,2.022e-05,2.022e-05,2.022e-05,2.022e-05,2.022e-05,2.022e-05,2.022e-05,2.022e-05,2.022e-05,2.022e-05,2.022e-05,2.022e-05,Y,N,N
S025243,N,R_18,N,N,5.0,PRE-1914,0.01,0.03,0.02,0.03,0.07,0.11,0.21,0.23,0.23,0.15,0.04,0.01,N,N,N
S025594,N,R_18,N,N,17.0,PRE-1914,0.0002022,0.0002022,0.0027300000000000002,0.0027300000000000002,0.0027300000000000002,0.0027300000000000002,0.0027300000000000002,0.0027300000000000002,0.0027300000000000002,0.0027300000000000002,0.0027300000000000002,0.0002022,N,N,N
S025690,N,R_18,N,N,18.0,PRE-1914,0.0002022,0.0002022,1.5,3.5,2.5,2.5,2.0,2.5,2.0,1.0,0.0002022,0.0002022,N,N,N
S027648,N,R_18,N,N,9.0,PRE-1914,0.06,0.07,0.07,0.06,0.05,0.0002022,0.0002022,0.0002022,0.0002022,0.03,0.06,0.06,N,N,N
S027791,N,R_18,N,N,27.0,PRE-1914,0.0002022,0.0002022,0.0002022,0.0002022,0.0002022,0.0002022,0.0002022,0.0002022,0.0002022,0.0002022,0.0002022,0.0002022,N,Y,Y
A007006,N,R_19,N,N,36.0,PRE-1949+1949,0.0002022,0.0002022,0.0002022,0.0002022,0.0002022,0.0002022,0.0002022,0.0002022,0.0002022,0.0002022,0.0002022,0.0002022,N,Y,Y
A009746,N,R_19,N,N,37.0,PRE-1949+1949,0.009207,0.009207,0.009207,0.01,0.02,0.02,0.02,0.02,0.01,0.01,0.009207,0.009207,N,N,N
A009992,N,R_19,N,N,39.0,PRE-1949+1949,0.0002022,0.0002022,0.0002022,0.0002022,0.0002022,0.0002022,0.0002022,0.0002022,0.0002022,0.0002022,0.0002022,0.0002022,N,Y,Y
A021015,N,R_19,N,N,209.0,1960-1970,0.0002022,0.0002022,0.0002022,0.0002022,0.0002022,0.0002022,0.0002022,0.0002022,0.0002022,0.0002022,0.0002022,0.0002022,N,Y,Y
A028365,N,R_19,N,N,361.0,1971-1990,0.09,0.85,0.75,0.19,0.02,0.0002022,0.0002022,0.0002022,0.0002022,0.0002022,0.72,0.42,N,N,N
D030741,N,R_19,N,N,407.0,1991-PRESENT,0.0002022,0.0002022,0.0002022,0.0002022,0.0002022,0.0002022,0.0002022,0.0002022,0.0002022,0.0002022,0.0002022,0.0002022,N,Y,Y
A009774,N,R_20,N,N,38.0,PRE-1949+1949,0.0036829999999999996,0.0036829999999999996,0.0036829999999999996,0.0036829999999999996,0.0036829999999999996,0.004603,0.004603,0.004603,0.004603,0.004296333,0.0036829999999999996,0.0036829999999999996,N,N,N
A016545,N,R_20,N,N,139.0,1955-1956,0.0002022,0.0002022,0.0002022,0.0002022,0.0002022,0.0002022,0.0002022,0.0002022,0.0002022,0.0002022,0.0002022,0.0002022,N,Y,Y
A020261,N,R_20,N,N,189.0,1960-1970,0.0002022,0.0002022,0.0002022,0.0002022,0.0002022,0.0002022,0.0002022,0.0002022,0.0002022,0.0002022,0.0002022,0.0002022,N,Y,Y
A020584,N,R_20,N,N,199.0,1960-1970,0.0002022,0.0002022,0.0002022,0.0002022,0.0002022,0.0002022,0.0002022,0.0002022,0.0002022,0.0002022,0.0002022,0.0002022,N,Y,Y
A024884,N,R_20,N,N,295.0,1971-1990,0.009206664,0.009206664,0.009206664,0.009206664,0.11,0.11,0.11,0.11,0.11,0.11,0.009206664,0.009206664,N,N,N
D032320,N,R_20,N,N,441.0,1991-PRESENT,0.007467667,0.0074673330000000005,0.01,0.01,0.01,0.01,0.008204000000000001,0.0036316670000000003,0.003759667,0.01,0.01,0.009288666999999999,N,N,N
D032787,N,R_20,N,N,451.0,1991-PRESENT,0.0002022,0.0002022,0.06,0.01,0.03,0.01,0.01,0.01,0.01,0.01,0.0099065,0.008209000000000001,N,N,N
H501475,N,R_20,N,N,456.0,1991-PRESENT,0.03,0.03,0.03,0.0002022,0.0002022,0.0002022,0.0002022,0.0002022,0.0002022,0.0002022,0.03,0.03,N,N,Y
H501560,N,R_20,N,N,454.0,1991-PRESENT,0.00092072,0.00076728,0.01,0.01,0.01,0.02,0.02,0.02,0.02,0.0012275,0.002915499,0.00145772,N,N,N
H504162,N,R_20,N,N,458.0,1991-PRESENT,0.03,0.03,0.04,0.0002022,0.0002022,0.0002022,0.0002022,0.0002022,0.0002022,0.0002022,0.01,0.01,N,N,Y
S024229,N,R_20,N,N,10.0,PRE-1914,1.25,1.25,1.25,1.25,1.25,1.25,1.25,1.25,1.25,1.25,1.25,1.25,N,N,N
S028299,N,R_20,N,N,11.0,PRE-1914,2.022e-05,2.022e-05,2.022e-05,2.022e-05,2.022e-05,2.022e-05,2.022e-05,2.022e-05,2.022e-05,2.022e-05,2.022e-05,2.022e-05,Y,N,N
S028355,N,R_20,N,N,12.0,PRE-1914,0.49,0.49,0.49,0.49,0.49,0.49,0.96,0.61,0.21,0.33,0.38,0.43,N,N,N
A015894,N,R_21,N,N,129.0,1953-1954,82.0,0.0002022,0.0002022,0.0002022,0.0002022,0.0002022,0.0002022,0.0002022,0.0002022,0.0002022,0.0002022,0.0002022,N,N,Y
A018736,N,R_21,N,N,160.0,1957-1959,1.79,0.39,0.16,0.23,0.02,0.0002022,0.0002022,0.0002022,0.0002022,0.0002022,1.0,1.38,N,N,N
A019515,N,R_21,N,N,171.0,1960-1970,1.79,0.39,0.16,0.23,0.02,0.0002022,0.0002022,0.0002022,0.0002022,0.0002022,1.0,1.38,N,N,N
A020134,N,R_21,N,N,187.0,1960-1970,0.11,0.08,0.42,0.2,0.03,0.02,0.01,0.04,0.02,0.01,0.11,0.2,N,N,N
A020384,N,R_21,N,N,191.0,1960-1970,0.0002022,0.0002022,0.0002022,0.0002022,0.0002022,0.0002022,0.0002022,0.0002022,0.0002022,0.0002022,0.0002022,0.0002022,N,Y,Y
A021271,N,R_21,N,N,216.0,1960-1970,0.01,0.01,0.01,0.01,0.01,0.01,0.03,0.03,0.03,0.03,0.03,0.03,N,N,N
A021977,N,R_21,N,N,225.0,1960-1970,2.022e-05,2.022e-05,2.022e-05,2.022e-05,2.022e-05,2.022e-05,2.022e-05,2.022e-05,2.022e-05,2.022e-05,2.022e-05,2.022e-05,Y,N,N
A022523,N,R_21,N,N,238.0,1960-1970,0.05,0.04,0.04,0.05,0.19,0.27,0.31,0.3,0.35,0.19,0.14,0.06,N,N,N
A024827,N,R_21,N,N,291.0,1971-1990,3.06,3.8,0.8,0.2,0.0002022,0.0002022,0.0002022,0.0002022,0.0002022,0.0002022,0.66,2.13,N,N,Y
A025137,N,R_21,N,N,309.0,1971-1990,3.0,3.0,3.0,3.0,0.0002022,0.0002022,0.0002022,0.0002022,0.0002022,0.0002022,2.0,2.0,N,N,Y
A025674,N,R_21,N,N,321.0,1971-1990,0.0002022,0.0002022,0.0002022,0.0002022,0.0002022,0.0002022,0.0002022,0.0002022,0.0002022,0.0002022,0.0002022,0.0002022,N,Y,Y
A025830,N,R_21,N,N,323.0,1971-1990,0.15,0.25,0.28,0.2,0.22,0.21,0.22,0.23,0.2,0.15,0.19,0.2,N,N,N
A025831,N,R_21,N,N,324.0,1971-1990,0.0002022,0.0002022,0.0002022,0.0002022,0.0002022,0.0002022,0.0002022,0.0002022,0.0002022,0.0002022,0.0002022,0.0002022,N,Y,Y
A026113,N,R_21,N,N,330.0,1971-1990,0.0002022,0.0002022,0.0002022,0.0002022,0.0002022,0.0002022,0.0002022,0.0002022,0.0002022,0.0002022,0.0002022,0.0002022,N,Y,Y
A026228,N,R_21,N,N,331.0,1971-1990,1.0,0.5,0.5,0.0002022,0.0002022,0.0002022,0.0002022,0.0002022,0.0002022,0.0002022,0.5,0.5,N,N,Y
A027081,N,R_21,N,N,348.0,1971-1990,0.0002022,0.0002022,0.0002022,0.0002022,0.0002022,0.0002022,0.0002022,0.0002022,0.0002022,0.0002022,0.0002022,0.0002022,N,Y,Y
A027249,N,R_21,N,N,352.0,1971-1990,0.0002022,0.0002022,0.0002022,0.0002022,0.0002022,0.0002022,0.0002022,0.0002022,0.0002022,0.0002022,0.0002022,0.0002022,N,Y,Y
A028828,N,R_21,N,N,364.0,1971-1990,1.0,0.66,0.5,0.16,0.0002022,0.0002022,0.0002022,0.0002022,0.0002022,0.0002022,0.33,0.33,N,N,Y
A028860,N,R_21,N,N,365.0,1971-1990,0.0002022,0.0002022,0.0002022,0.0002022,0.0002022,0.0002022,0.0002022,0.0002022,0.0002022,0.0002022,0.0002022,0.0002022,N,Y,Y
A029272,N,R_21,N,N,370.0,1971-1990,1.4,1.24,1.1,1.05,1.09,1.42,1.42,1.48,1.3,1.35,1.27,1.36,N,N,N
A030186,N,R_21,N,N,397.0,1991-PRESENT,0.26,0.3,0.27,0.31,0.36,0.34,0.39,0.48,0.42,0.32,0.33,0.36,N,N,N
A031567,N,R_21,N,N,422.0,1991-PRESENT,0.43,0.35,0.4,0.57,0.52,0.8,1.06,0.75,0.73,0.58,0.58,0.54,N,N,N
A032372,N,R_21,N,N,443.0,1991-PRESENT,0.09,0.09,0.11,0.06,0.06,0.07,0.0002022,0.0002022,0.0002022,0.0002022,0.07,0.08,N,N,N
C000511,N,R_21,N,N,310.0,1971-1990,0.0002022,0.0002022,0.0002022,0.0002022,0.0002022,0.0002022,0.0002022,0.0002022,0.0002022,0.0002022,0.0002022,0.0002022,N,Y,Y
C000512,N,R_21,N,N,311.0,1971-1990,0.0002022,0.0002022,0.0002022,0.0002022,0.0002022,0.0002022,0.0002022,0.0002022,0.0002022,0.0002022,0.0002022,0.0002022,N,Y,Y
D030256,N,R_21,N,N,401.0,1991-PRESENT,2.022e-05,2.022e-05,2.022e-05,2.022e-05,2.022e-05,2.022e-05,2.022e-05,2.022e-05,2.022e-05,2.022e-05,2.022e-05,2.022e-05,Y,N,N
D030460,N,R_21,N,N,404.0,1991-PRESENT,1.33,0.33,0.33,0.33,0.0002022,0.0002022,0.0002022,0.0002022,0.0002022,0.33,1.33,1.66,N,N,Y
D032229,N,R_21,N,N,439.0,1991-PRESENT,0.0002022,0.0002022,0.0002022,0.0002022,0.0002022,0.0002022,0.0002022,0.0002022,0.0002022,0.0002022,0.0002022,0.0002022,N,Y,Y
D032768,N,R_21,N,N,446.0,1991-PRESENT,0.0002022,0.0002022,0.0002022,0.0002022,0.0002022,0.0002022,0.0002022,0.0002022,0.0002022,0.0002022,0.0002022,0.0002022,N,Y,Y
S009073,N,R_21,N,N,23.0,PRE-1914,0.0002022,0.0002022,0.0002022,0.0002022,0.0002022,0.0002022,0.0002022,0.83,5.06,4.02,4.04,0.28,N,N,N
S025784,N,R_21,N,N,30.0,PRE-1914,0.0020440000000000002,0.0020440000000000002,0.0020440000000000002,0.0020440000000000002,0.0020440000000000002,0.0020440000000000002,0.0020440000000000002,0.0020440000000000002,0.0020440000000000002,0.0020440000000000002,0.0020440000000000002,0.0020440000000000002,N,N,N
S025957,N,R_21,N,N,21.0,PRE-1914,0.0002022,0.0002022,0.0002022,0.0002022,0.0002022,0.06,0.06,0.06,0.06,0.06,0.0002022,0.0002022,N,N,N
A017795,N,R_22,N,N,151.0,1957-1959,0.0002022,0.0002022,0.0002022,0.0002022,0.0002022,0.0002022,0.0002022,0.0002022,0.0002022,0.0002022,0.0002022,0.0002022,N,Y,Y
A022962,N,R_22,N,N,248.0,1960-1970,0.0002022,0.0002022,0.0002022,0.06,0.06,0.13,0.48,0.41,0.2,0.13,0.06,0.0002022,N,N,N
A026624,N,R_22,N,N,341.0,1971-1990,0.0002022,0.0002022,0.0002022,0.0002022,0.0002022,0.0002022,0.0002022,0.0002022,0.0002022,0.0002022,0.0002022,0.0002022,N,Y,Y
A030797,N,R_22,N,N,408.0,1991-PRESENT,12.4,1.2,0.33,0.0002022,0.0002022,0.0002022,0.0002022,0.0002022,0.0002022,0.0002022,0.0002022,2.0,N,N,Y
A031304,N,R_22,N,N,416.0,1991-PRESENT,0.0002022,0.0002022,0.0002022,0.0002022,0.0002022,0.0002022,0.0002022,0.0002022,0.0002022,0.0002022,0.0002022,0.0002022,N,Y,Y
A031362,N,R_22,N,N,418.0,1991-PRESENT,7.73,3.86,0.0002022,0.0002022,0.0002022,0.0002022,0.0002022,0.0002022,0.0002022,0.0002022,5.96,2.03,N,N,Y
D031111,N,R_22,N,N,412.0,1991-PRESENT,0.0002022,0.0002022,0.0002022,0.0002022,0.0002022,0.0002022,0.0002022,0.0002022,0.0002022,0.0002022,0.0002022,0.0002022,N,Y,Y
H032335,N,R_22,N,N,442.0,1991-PRESENT,10.93,0.0002022,0.0002022,0.0002022,0.0002022,0.0002022,0.0002022,0.0002022,0.0002022,0.0002022,0.0002022,0.0002022,N,N,Y
H508968,N,R_22,N,N,461.0,1991-PRESENT,2.022e-05,2.022e-05,2.022e-05,2.022e-05,2.022e-05,2.022e-05,2.022e-05,2.022e-05,2.022e-05,2.022e-05,2.022e-05,2.022e-05,Y,N,N
H509254,N,R_22,N,N,460.0,1991-PRESENT,2.022e-05,2.022e-05,2.022e-05,2.022e-05,2.022e-05,2.022e-05,2.022e-05,2.022e-05,2.022e-05,2.022e-05,2.022e-05,2.022e-05,Y,N,N
S000113,N,R_22,N,N,28.0,PRE-1914,0.22,0.16,0.22,0.22,0.13,0.08,0.09,0.09,0.08,0.11,0.17,0.18,N,N,N
S000116,N,R_22,N,N,29.0,PRE-1914,0.11,0.08,0.1,0.09,0.07,0.04,0.04,0.04,0.04,0.04,0.07,0.07,N,N,N
A013958,N,R_23,N,N,83.0,1950-1952,2.06,0.7,0.1,0.06,0.0002022,0.0002022,0.0002022,0.0002022,0.0002022,0.26,0.23,0.83,N,N,Y
A014107,N,R_23,N,N,98.0,1950-1952,3.73,2.23,1.23,0.53,0.0002022,0.0002022,0.0002022,0.0002022,0.0002022,0.66,2.13,4.7,N,N,Y
A014364,N,R_23,N,N,103.0,1950-1952,13.9,25.23,1.53,0.0002022,0.0002022,0.0002022,0.0002022,0.0002022,0.0002022,0.0002022,0.73,6.13,N,N,Y
A015194,N,R_23,N,N,115.0,1953-1954,4.33,19.2,3.86,2.9,0.0002022,0.0002022,0.0002022,0.0002022,0.0002022,0.0002022,0.0002022,4.43,N,N,Y
A015515,N,R_23,N,N,119.0,1953-1954,0.0002022,0.0002022,0.0002022,0.0002022,0.0002022,0.0002022,0.0002022,0.0002022,0.0002022,0.0002022,0.0002022,0.0002022,N,Y,Y
A015603,N,R_23,N,N,120.0,1953-1954,11.6,1.1,8.0,0.0002022,0.23,0.0002022,0.0002022,0.0002022,0.0002022,2.0,1.86,10.06,N,N,N
A016106,N,R_23,N,N,131.0,1953-1954,2.06,0.7,0.1,0.06,0.0002022,0.0002022,0.0002022,0.0002022,0.0002022,0.0002022,0.5,0.83,N,N,Y
A017477,N,R_23,N,N,147.0,1957-1959,0.0002022,0.0002022,0.0002022,0.0002022,0.0002022,0.0002022,0.0002022,0.0002022,0.0002022,0.0002022,0.0002022,0.0002022,N,Y,Y
A017999,N,R_23,N,N,154.0,1957-1959,0.0002022,0.0002022,0.0002022,0.0002022,0.0002022,0.0002022,0.0002022,0.0002022,0.0002022,0.0002022,0.0002022,0.0002022,N,Y,Y
A019444,N,R_23,N,N,169.0,1960-1970,0.0002022,0.0002022,0.0002022,0.0002022,0.0002022,0.0002022,0.0002022,0.0002022,0.0002022,0.0002022,0.0002022,0.0002022,N,Y,Y
A019557,N,R_23,N,N,173.0,1960-1970,0.38,0.83,1.59,0.45,0.22,0.0002022,0.0002022,0.0002022,0.0002022,0.0002022,0.11,1.35,N,N,N
A019798,N,R_23,N,N,177.0,1960-1970,0.0002022,0.0002022,0.0002022,0.0002022,0.0002022,0.0002022,0.0002022,0.0002022,0.0002022,0.0002022,0.0002022,0.0002022,N,Y,Y
A019891,N,R_23,N,N,179.0,1960-1970,0.34,0.34,0.01,0.01,0.01,0.01,0.0002022,0.0002022,0.0002022,0.0002022,0.00333333333333333,0.34,N,N,N
A020071,N,R_23,N,N,182.0,1960-1970,0.8,0.3,0.8,0.2,0.05,0.02,0.0002022,0.0002022,0.0002022,0.3,0.75,0.65,N,N,N
A020078,N,R_23,N,N,183.0,1960-1970,0.05,0.05,0.05,0.05,0.02,0.0002022,0.0002022,0.0002022,0.0002022,0.006138,0.01,0.04,N,N,N
A020401,N,R_23,N,N,192.0,1960-1970,1.53,1.27,1.15,0.37,0.0002022,0.0002022,0.0002022,0.0002022,0.0002022,0.0002022,0.87,1.41,N,N,Y
A020509,N,R_23,N,N,247.0,1960-1970,8.0,5.0,3.0,2.0,0.0002022,0.0002022,0.0002022,0.0002022,0.0002022,5.0,10.0,15.0,N,N,Y
A020634,N,R_23,N,N,200.0,1960-1970,0.1,0.13,0.11,0.13,0.23,0.25,0.25,0.28,0.33,0.2,0.0002022,0.0002022,N,N,N
A021355,N,R_23,N,N,217.0,1960-1970,11.66,3.33,2.66,0.5,0.0002022,0.0002022,0.0002022,0.0002022,0.0002022,0.0002022,0.16,3.33,N,N,Y
A021691,N,R_23,N,N,221.0,1960-1970,2.0,1.0,0.0002022,0.0002022,0.0002022,0.0002022,0.0002022,0.0002022,0.0002022,2.0,3.0,5.5,N,N,Y
A022498,N,R_23,N,N,237.0,1960-1970,0.0002022,0.0002022,0.0002022,0.0002022,0.0002022,0.0002022,0.0002022,0.0002022,0.0002022,0.0002022,0.0002022,0.0002022,N,Y,Y
A022745,N,R_23,N,N,242.0,1960-1970,2.5,2.5,2.5,0.0002022,0.0002022,0.0002022,0.0002022,0.0002022,0.0002022,0.0002022,0.0002022,2.5,N,N,Y
A023998,N,R_23,N,N,285.0,1971-1990,2.0,2.0,1.33,0.0002022,0.0002022,0.0002022,0.0002022,0.0002022,0.0002022,0.0002022,1.33,1.66,N,N,Y
A024569,N,R_23,N,N,277.0,1971-1990,4.06,10.73,0.53,0.5,0.0002022,0.0002022,0.0002022,0.0002022,0.0002022,0.0002022,0.46,2.7,N,N,Y
A024706,N,R_23,N,N,281.0,1971-1990,1.26,0.0002022,0.0002022,0.0002022,0.0002022,0.0002022,0.0002022,0.0002022,0.0002022,0.08,2.16,4.06,N,N,Y
A025065,N,R_23,N,N,307.0,1971-1990,0.0002022,0.0002022,0.0002022,0.0002022,0.0002022,0.0002022,0.0002022,0.0002022,0.0002022,0.0002022,0.0002022,0.0002022,N,Y,Y
A026503,N,R_23,N,N,339.0,1971-1990,3.0,1.5,0.0002022,0.0002022,0.0002022,0.0002022,0.0002022,0.0002022,0.0002022,0.5,2.0,2.5,N,N,Y
A026993,N,R_23,N,N,344.0,1971-1990,0.01,0.01,0.01,0.006133333,0.003066667,0.0002022,0.0002022,0.0002022,0.0002022,0.0002022,0.006133333,0.0092,N,N,N
A029070,N,R_23,N,N,368.0,1971-1990,0.0002022,0.0002022,0.0002022,0.0002022,0.0002022,0.0002022,0.0002022,0.0002022,0.0002022,0.0002022,0.0002022,0.0002022,N,Y,Y
A029277,N,R_23,N,N,371.0,1971-1990,0.0002022,0.0002022,0.0002022,0.0002022,0.0002022,0.0002022,0.0002022,0.0002022,0.0002022,0.0002022,0.0002022,0.0002022,N,Y,Y
A029772,N,R_23,N,N,385.0,1971-1990,2.1,4.5,0.0002022,0.0002022,0.0002022,0.0002022,0.0002022,0.0002022,0.0002022,0.0002022,0.33,2.03,N,N,Y
A029848,N,R_23,N,N,387.0,1971-1990,0.0002022,0.0002022,0.0002022,0.0002022,0.0002022,0.0002022,0.0002022,0.0002022,0.0002022,0.0002022,0.0002022,1.33,N,N,Y
A029849,N,R_23,N,N,388.0,1971-1990,0.0002022,0.0002022,0.0002022,0.0002022,0.0002022,0.0002022,0.0002022,0.0002022,0.0002022,0.0002022,0.0002022,0.0002022,N,Y,Y
A029850,N,R_23,N,N,389.0,1971-1990,2.6,6.0,4.13,0.0002022,0.0002022,0.0002022,0.0002022,0.0002022,0.0002022,0.0002022,0.0002022,2.06,N,N,Y
C001216,N,R_23,N,N,319.0,1971-1990,0.0002022,0.0002022,0.0002022,0.0002022,0.0002022,0.0002022,0.0002022,0.0002022,0.0002022,0.0002022,0.0002022,0.0002022,N,Y,Y
D032138,N,R_23,N,N,436.0,1991-PRESENT,0.0002022,0.0002022,0.0002022,0.0002022,0.0002022,0.0002022,0.0002022,0.0002022,0.0002022,0.0002022,0.0002022,0.0002022,N,Y,Y
D032850,N,R_23,N,N,452.0,1991-PRESENT,0.71,0.08,0.21,0.0002022,0.0002022,0.0002022,0.0002022,0.0002022,0.0002022,0.0002022,0.11,1.1,N,N,Y
A006926,N,R_24,N,N,35.0,PRE-1949+1949,0.01,0.01,0.01,0.01,0.02,0.02,0.02,0.02,0.02,0.01,0.01,0.00813266666666666,N,N,N
A011859,N,R_24,N,N,45.0,PRE-1949+1949,2.022e-05,2.022e-05,2.022e-05,2.022e-05,2.022e-05,2.022e-05,2.022e-05,2.022e-05,2.022e-05,2.022e-05,2.022e-05,2.022e-05,Y,N,N
A012773,N,R_24,N,N,51.0,PRE-1949+1949,0.0002022,0.0002022,0.0002022,0.0002022,0.0002022,0.0002022,0.0002022,0.0002022,0.0002022,0.0002022,0.0002022,0.0002022,N,Y,Y
A014870,N,R_24,N,N,111.0,1950-1952,0.0002022,0.2,0.0002022,0.0002022,0.0002022,0.0002022,0.0002022,0.0002022,0.0002022,0.0002022,0.0002022,0.0002022,N,N,Y
A018192,N,R_24,N,N,156.0,1957-1959,4.86,0.0002022,0.0002022,0.0002022,0.0002022,0.0002022,0.0002022,0.0002022,0.0002022,1.93,0.0002022,6.83,N,N,Y
A018849,N,R_24,N,N,161.0,1957-1959,0.03,0.03,0.03,0.1,0.06,0.06,0.06,0.06,0.06,0.0002022,0.03,0.03,N,N,N
A020435,N,R_24,N,N,193.0,1960-1970,0.0002022,0.0002022,0.0002022,0.0002022,0.0002022,0.0002022,0.0002022,0.0002022,0.0002022,0.0002022,0.0002022,0.0002022,N,Y,Y
A021081,N,R_24,N,N,211.0,1960-1970,0.005,0.005,0.005,0.005,0.003,0.0002022,0.0002022,0.0002022,0.0002022,0.0002022,0.0002022,0.0002022,N,N,N
A022342,N,R_24,N,N,232.0,1960-1970,0.0002022,0.0002022,0.0002022,0.0002022,0.0002022,0.0002022,0.0002022,0.0002022,0.0002022,0.0002022,0.0002022,0.0002022,N,Y,Y
A022919,N,R_24,N,N,245.0,1960-1970,0.66,0.66,0.66,0.0002022,0.0002022,0.0002022,0.0002022,0.0002022,0.0002022,0.0002022,0.66,0.66,N,N,Y
A023915,N,R_24,N,N,263.0,1971-1990,8.33,1.1,0.0002022,0.0002022,0.0002022,0.0002022,0.0002022,0.0002022,0.0002022,0.0002022,0.0002022,0.0002022,N,N,Y
A024644,N,R_24,N,N,278.0,1971-1990,2.0,0.0002022,1.66,0.0002022,0.0002022,0.0002022,0.0002022,0.0002022,0.0002022,0.0002022,3.33,2.0,N,N,Y
A024783,N,R_24,N,N,288.0,1971-1990,0.25,0.5,0.75,0.25,0.0002022,0.0002022,0.0002022,0.0002022,0.0002022,0.0002022,0.0002022,0.25,N,N,Y
A025773,N,R_24,N,N,322.0,1971-1990,0.0002022,0.0002022,0.0002022,0.0002022,0.0002022,0.0002022,0.0002022,0.0002022,0.0002022,0.0002022,0.003333333,0.46,N,N,Y
A025940,N,R_24,N,N,327.0,1971-1990,2.022e-05,2.022e-05,2.022e-05,2.022e-05,2.022e-05,2.022e-05,2.022e-05,2.022e-05,2.022e-05,2.022e-05,2.022e-05,2.022e-05,Y,N,N
A026240,N,R_24,N,N,334.0,1971-1990,0.0002022,0.0002022,0.66,2.06,2.06,0.16,0.0002022,0.0002022,0.0002022,0.0002022,0.0002022,0.0002022,N,N,N
A026241,N,R_24,N,N,333.0,1971-1990,0.16,0.73,0.53,0.03,1.53,0.7,1.4,0.0002022,0.0002022,0.0002022,1.0,0.0002022,N,N,N
A027046,N,R_24,N,N,347.0,1971-1990,0.03,0.03,0.03,0.03,0.0002022,0.0002022,0.0002022,0.0002022,0.0002022,0.0002022,0.0002022,0.0002022,N,N,Y
A027158,N,R_24,N,N,351.0,1971-1990,0.02,0.02,0.02,0.02,0.02,0.0002022,0.0002022,0.0002022,0.0002022,0.0002022,0.02,0.02,N,N,N
A028386,N,R_24,N,N,362.0,1971-1990,2.022e-05,2.022e-05,2.022e-05,2.022e-05,2.022e-05,2.022e-05,2.022e-05,2.022e-05,2.022e-05,2.022e-05,2.022e-05,2.022e-05,Y,N,N
A029044,N,R_24,N,N,367.0,1971-1990,0.0002022,0.0002022,0.0002022,0.0002022,0.0002022,0.0002022,0.0002022,0.0002022,0.0002022,0.0002022,0.0002022,0.0002022,N,Y,Y
A029858,N,R_24,N,N,390.0,1971-1990,2.83,2.5,0.16,0.0002022,0.0002022,0.0002022,0.0002022,0.0002022,0.0002022,0.0002022,0.16,1.3,N,N,Y
A031501,N,R_24,N,N,420.0,1991-PRESENT,0.33,0.0002022,0.0002022,0.0002022,0.0002022,0.0002022,0.0002022,0.0002022,0.0002022,0.0002022,0.33,1.0,N,N,Y
D031602,N,R_24,N,N,424.0,1991-PRESENT,0.49,0.007666666999999999,0.17,0.0002022,0.0002022,0.0002022,0.0002022,0.0002022,0.0002022,0.0002022,0.22,0.55,N,N,Y
D031671,N,R_24,N,N,427.0,1991-PRESENT,0.0002022,0.0002022,0.0002022,0.0002022,0.0002022,0.0002022,0.0002022,0.0002022,0.0002022,0.0002022,0.0002022,0.0002022,N,Y,Y
D032149,N,R_24,N,N,437.0,1991-PRESENT,1.67,1.67,1.67,1.67,0.0002022,0.0002022,0.0002022,0.0002022,0.0002022,0.0002022,1.67,1.67,N,N,Y
D032166,N,R_24,N,N,438.0,1991-PRESENT,0.06,0.0002022,0.0002022,0.0002022,0.0002022,0.0002022,0.0002022,0.0002022,0.0002022,0.0002022,0.1,0.2,N,N,Y
D032188,N,R_24,N,N,447.0,1991-PRESENT,0.13,0.0002022,0.0002022,0.0002022,0.0002022,0.0002022,0.0002022,0.0002022,0.0002022,0.0002022,0.96,0.46,N,N,Y
H506517,N,R_24,N,N,459.0,1991-PRESENT,0.0002022,0.0002022,0.0002022,0.0002022,0.0002022,0.0002022,0.0002022,0.0002022,0.0002022,0.0002022,0.0002022,0.0002022,N,Y,Y
S015825,N,R_24,N,N,16.0,PRE-1914,0.01,0.01,0.01,0.01,0.05,0.06,0.04,0.06,0.01,0.0002022,0.0002022,0.0002022,N,N,N
D032062,N,R_24,N,N,435.0,1991-PRESENT,0.0002022,0.0002022,0.0002022,0.0002022,0.0002022,0.0002022,0.0002022,0.0002022,0.0002022,0.0002022,0.0002022,0.0002022,N,Y,Y
A012483,N,R_25,N,N,49.0,PRE-1949+1949,0.0002022,0.0002022,0.0002022,0.08,1.06,0.0001,0.0002022,0.03,0.0002022,0.0002022,0.0002022,0.0002022,N,N,N
A012510,N,R_25,N,N,50.0,PRE-1949+1949,0.0002022,0.0002022,0.0002022,0.0002022,0.0002022,0.0002022,0.0002022,0.0002022,0.0002022,0.0002022,0.0002022,0.0002022,N,Y,Y
A013256,N,R_25,N,N,62.0,PRE-1949+1949,0.0002022,0.0002022,0.0002022,0.0002022,0.0002022,0.0002022,0.0002022,0.0002022,0.0002022,0.0002022,0.0002022,0.0002022,N,Y,Y
A013301,N,R_25,N,N,67.0,PRE-1949+1949,0.0002022,0.0002022,0.09,2.25,3.31,3.31,3.31,3.31,3.31,1.19,0.04,0.0002022,N,N,N
A015685,N,R_25,N,N,122.0,1953-1954,0.0002022,0.0002022,0.0002022,0.0002022,0.0002022,0.0002022,0.0002022,0.0002022,0.0002022,0.0002022,0.0002022,0.0002022,N,Y,Y
A013586,N,R_25,N,N,77.0,1950-1952,0.0002022,0.0002022,0.0002022,0.0002022,0.0002022,0.0002022,0.0002022,0.0002022,0.0002022,0.0002022,0.0002022,0.0002022,N,Y,Y
A020147,N,R_25,N,N,188.0,1960-1970,0.1,0.0002022,0.0002022,0.0002022,0.0002022,0.0002022,0.0002022,0.0002022,0.0002022,0.0002022,0.66,0.0002022,N,N,Y
A020491,N,R_25,N,N,194.0,1960-1970,0.0002022,0.0002022,0.0002022,0.0002022,0.0002022,0.0002022,0.0002022,0.0002022,0.0002022,0.0002022,0.0002022,0.0002022,N,Y,Y
A022583,N,R_25,N,N,239.0,1960-1970,0.0002022,0.0002022,0.0002022,0.0002022,0.0002022,0.0002022,0.0002022,0.0002022,0.0002022,0.0002022,0.0002022,0.0002022,N,Y,Y
A022667,N,R_25,N,N,241.0,1960-1970,0.0002022,0.0002022,0.0002022,0.0002022,0.0002022,0.0002022,0.0002022,0.0002022,0.0002022,0.0002022,0.0002022,0.0002022,N,Y,Y
A024412,N,R_25,N,N,275.0,1971-1990,0.0002022,0.0002022,0.13,0.0002022,0.0002022,0.0002022,0.0002022,0.0002022,0.0002022,0.0002022,0.0002022,0.0002022,N,N,Y
A001029,N,R_26,N,N,31.0,PRE-1949+1949,0.0002022,0.0002022,0.0002022,0.0002022,1.0,2.21,2.88,3.49,2.24,1.53,0.1,0.0002022,N,N,N
A013330,N,R_26,N,N,69.0,PRE-1949+1949,0.0002022,0.0002022,0.0002022,0.0002022,0.0002022,0.0002022,0.0002022,0.0002022,0.0002022,0.0002022,0.0002022,0.0002022,N,Y,Y
A014966,N,R_26,N,N,114.0,1950-1952,0.0002022,0.0002022,0.0002022,0.0002022,0.0002022,0.0002022,0.0002022,0.0002022,0.0002022,0.0002022,0.0002022,0.0002022,N,Y,Y
A019806,N,R_26,N,N,178.0,1960-1970,0.0002022,0.0002022,0.0002022,0.0002022,0.0002022,0.0002022,0.0002022,0.0002022,0.0002022,0.0002022,0.0002022,0.0002022,N,Y,Y
A020920,N,R_26,N,N,206.0,1960-1970,0.0002022,0.0002022,0.0002022,0.0002022,0.0002022,0.0002022,0.0002022,0.0002022,0.0002022,0.0002022,0.0002022,0.0002022,N,Y,Y
A021148,N,R_26,N,N,212.0,1960-1970,0.0002022,0.0002022,0.0002022,0.0002022,0.0002022,0.0002022,0.0002022,0.0002022,0.0002022,0.0002022,0.0002022,0.0002022,N,Y,Y
A021156,N,R_26,N,N,213.0,1960-1970,0.0002022,0.0002022,0.0002022,0.0002022,0.0002022,0.0002022,0.0002022,0.0002022,0.0002022,0.0002022,0.0002022,0.0002022,N,Y,Y
A027022,N,R_26,N,N,345.0,1971-1990,1.33,0.0002022,0.0002022,0.0002022,0.0002022,0.0002022,0.0002022,0.0002022,0.0002022,0.0002022,3.33,4.0,N,N,Y
A029332,N,R_26,N,N,372.0,1971-1990,0.0002022,0.0002022,0.0002022,0.0002022,0.0002022,0.0002022,0.0002022,0.0002022,0.0002022,0.0002022,0.0002022,0.0002022,N,Y,Y
A012100,N,R_27,N,N,46.0,PRE-1949+1949,3.0,2.0,1.0,1.0,0.0002022,0.0002022,0.0002022,0.0002022,0.0002022,1.0,1.0,2.0,N,N,Y
A013221,N,R_27,N,N,61.0,PRE-1949+1949,2.94,0.0002022,0.0002022,0.0002022,0.0002022,0.0002022,0.0002022,0.0002022,0.0002022,0.0002022,0.0002022,0.0002022,N,N,Y
A013527,N,R_27,N,N,75.0,1950-1952,0.007672,0.007672,0.0002022,0.0002022,0.0002022,0.0002022,0.0002022,0.0002022,0.0002022,0.0002022,0.0002022,0.0002022,N,N,Y
A013975,N,R_27,N,N,84.0,1950-1952,0.1,0.1,0.0002022,0.0002022,0.0002022,0.0002022,0.0002022,0.0002022,0.0002022,0.0002022,0.1,0.2,N,N,Y
A014092,N,R_27,N,N,97.0,1950-1952,0.0002022,0.0002022,0.0002022,0.0002022,0.0002022,0.0002022,0.0002022,0.0002022,0.0002022,0.0002022,0.0002022,0.0002022,N,Y,Y
A014767,N,R_27,N,N,109.0,1950-1952,2.83,1.33,1.5,0.0002022,0.0002022,0.0002022,0.0002022,0.0002022,0.0002022,0.0002022,1.0,1.0,N,N,Y
A014797,N,R_27,N,N,110.0,1950-1952,11.66,5.0,4.33,0.0002022,0.0002022,0.0002022,0.0002022,0.0002022,0.0002022,0.0002022,0.0002022,0.0002022,N,N,Y
A013539,N,R_27,N,N,76.0,1950-1952,0.01,0.01,0.01,0.01,0.008183667,0.002506,0.001585667,0.001074,0.0018926670000000002,0.002557667,0.01,0.01,N,N,N
A016190,N,R_27,N,N,132.0,1953-1954,2.66,1.16,1.0,0.0002022,0.0002022,0.0002022,0.0002022,0.0002022,0.0002022,0.0002022,1.66,1.16,N,N,Y
A016478,N,R_27,N,N,136.0,1955-1956,5.66,2.73,6.0,0.0002022,0.0002022,0.0002022,0.0002022,0.0002022,0.0002022,0.0002022,1.66,1.0,N,N,Y
A016527,N,R_27,N,N,138.0,1955-1956,0.0002022,0.0002022,0.0002022,0.0002022,0.0002022,0.0002022,0.0002022,0.0002022,0.0002022,0.0002022,0.0002022,0.0002022,N,Y,Y
A016904,N,R_27,N,N,141.0,1955-1956,2.0,1.66,3.66,0.0002022,0.0002022,0.0002022,0.0002022,0.0002022,0.0002022,0.0002022,0.66,1.0,N,N,Y
A018277,N,R_27,N,N,158.0,1957-1959,5.66,1.9,2.53,0.0002022,0.0002022,0.0002022,0.0002022,0.0002022,0.0002022,0.0002022,0.46,4.23,N,N,Y
A018958,N,R_27,N,N,162.0,1957-1959,0.0002022,0.0002022,0.0002022,0.0002022,0.0002022,0.0002022,0.0002022,0.0002022,0.0002022,0.0002022,0.0002022,0.0002022,N,Y,Y
A018963,N,R_27,N,N,163.0,1957-1959,0.0002022,0.0002022,0.0002022,0.0002022,0.0002022,0.0002022,0.0002022,0.0002022,0.0002022,0.0002022,0.0002022,0.0002022,N,Y,Y
A019422,N,R_27,N,N,168.0,1960-1970,3.66,1.5,3.5,0.0002022,0.0002022,0.0002022,0.0002022,0.0002022,0.0002022,0.0002022,0.13,1.5,N,N,Y
A020127,N,R_27,N,N,185.0,1960-1970,0.0002022,0.0002022,0.0002022,0.0002022,0.0002022,0.0002022,0.0002022,0.0002022,0.0002022,0.0002022,0.0002022,0.0002022,N,Y,Y
A021817,N,R_27,N,N,222.0,1960-1970,1.53,0.0002022,0.0002022,0.0002022,0.0002022,0.0002022,0.0002022,0.0002022,0.0002022,0.0002022,0.0002022,0.0002022,N,N,Y
A022431,N,R_27,N,N,235.0,1960-1970,56.9,20.33,20.0,0.0002022,0.0002022,0.0002022,0.0002022,0.0002022,0.0002022,3.26,33.86,38.06,N,N,Y
A023027,N,R_27,N,N,249.0,1960-1970,1.0,0.16,0.4,0.03,0.0002022,0.0002022,0.0002022,0.0002022,0.0002022,0.0002022,0.06,0.5,N,N,Y
A023058,N,R_27,N,N,250.0,1960-1970,0.53,0.13,0.0002022,0.0002022,0.06,0.0002022,0.0002022,0.0002022,0.0002022,0.0002022,0.83,0.7,N,N,N
A023144,N,R_27,N,N,254.0,1960-1970,1.43,1.5,0.96,0.46,0.25,0.08,0.07,0.09,0.08,0.04,0.52,0.44,N,N,N
A023328,N,R_27,N,N,258.0,1960-1970,2.0,1.5,1.25,1.0,0.0002022,0.0002022,0.0002022,0.0002022,0.0002022,1.0,1.0,1.75,N,N,Y
A024004,N,R_27,N,N,264.0,1971-1990,6.0,2.5,1.5,0.0002022,0.0002022,0.0002022,0.0002022,0.0002022,0.0002022,0.0002022,0.66,2.33,N,N,Y
A024247,N,R_27,N,N,266.0,1971-1990,0.0002022,0.0002022,0.0002022,0.0002022,0.0002022,0.0002022,0.0002022,0.0002022,0.0002022,0.0002022,0.0002022,0.0002022,N,Y,Y
A026740,N,R_27,N,N,342.0,1971-1990,0.0002022,0.0002022,0.0002022,0.0002022,0.0002022,0.0002022,0.0002022,0.0002022,0.0002022,0.0002022,0.0002022,0.0002022,N,Y,Y
A026975,N,R_27,N,N,343.0,1971-1990,2.33,1.06,0.5,0.0002022,0.0002022,0.0002022,0.0002022,0.0002022,0.0002022,0.0002022,0.6,0.5,N,N,Y
A027424,N,R_27,N,N,354.0,1971-1990,0.0002022,0.0002022,0.0002022,0.0002022,0.0002022,0.0002022,0.0002022,0.0002022,0.0002022,0.0002022,0.0002022,0.0002022,N,Y,Y
A028370,N,R_27,N,N,359.0,1971-1990,0.0002022,0.16,0.3,0.0002022,0.0002022,0.0002022,0.0002022,0.0002022,0.0002022,0.0002022,0.0002022,0.5,N,N,Y
A029515,N,R_27,N,N,379.0,1971-1990,5.25,1.45,0.25,0.0002022,0.0002022,0.0002022,0.0002022,0.0002022,0.0002022,0.0002022,0.16,2.91,N,N,Y
A030124,N,R_27,N,N,398.0,1991-PRESENT,0.0002022,0.0002022,0.0002022,0.0002022,0.0002022,0.0002022,0.0002022,0.0002022,0.0002022,0.0002022,0.0002022,0.0002022,N,Y,Y
A031620,N,R_27,N,N,425.0,1991-PRESENT,0.0002022,0.0002022,0.0002022,0.0002022,0.1,0.0002022,0.0002022,0.0002022,0.0002022,2.75,0.0002022,3.15,N,N,N
A031737,N,R_27,N,N,430.0,1991-PRESENT,12.15,0.75,4.9,0.0002022,0.0002022,0.0002022,0.0002022,0.0002022,0.0002022,0.0002022,0.1,4.35,N,N,Y
C000028,N,R_27,N,N,289.0,1971-1990,1.0,1.16,0.16,0.16,0.0002022,0.0002022,0.0002022,0.0002022,0.0002022,0.0002022,0.16,0.0002022,N,N,Y
H501640,N,R_27,N,N,455.0,1991-PRESENT,0.0002022,0.0002022,0.0002022,0.0002022,0.0002022,0.0002022,0.0002022,0.0002022,0.0002022,0.0002022,0.0002022,0.0002022,N,Y,Y
L032966,N,R_27,N,N,457.0,1991-PRESENT,2.022e-05,2.022e-05,2.022e-05,2.022e-05,2.022e-05,2.022e-05,2.022e-05,2.022e-05,2.022e-05,2.022e-05,2.022e-05,2.022e-05,Y,N,N
S004711,N,R_27,N,N,8.0,PRE-1914,0.0002022,0.0002022,0.0002022,0.0002022,0.0002022,0.0002022,0.0002022,0.0002022,0.0002022,0.0002022,0.0002022,0.0002022,N,Y,Y
A017919,N,R_28,N,N,153.0,1957-1959,1.83,0.33,0.0002022,0.0002022,0.0002022,0.0002022,0.0002022,0.0002022,0.0002022,0.0002022,0.33,1.63,N,N,Y
A019013,N,R_28,N,N,164.0,1957-1959,5.0,5.0,4.0,1.33,0.0002022,0.0002022,0.0002022,0.0002022,0.0002022,0.0002022,0.0002022,1.66,N,N,Y
A019652,N,R_28,N,N,175.0,1960-1970,0.0002022,0.0002022,0.16,0.33,0.5,0.5,0.66,0.66,0.66,0.66,0.5,0.0002022,N,N,N
A024817,N,R_28,N,N,290.0,1971-1990,0.0002022,0.0002022,0.0002022,0.0002022,0.0002022,0.0002022,0.0002022,0.0002022,0.0002022,0.0002022,0.0002022,0.0002022,N,Y,Y
A027143,N,R_28,N,N,349.0,1971-1990,0.0002022,0.0002022,0.0002022,0.0002022,0.0002022,0.0002022,0.0002022,0.0002022,0.0002022,0.0002022,0.0002022,0.0002022,N,Y,Y
C001166,N,R_28,N,N,318.0,1971-1990,0.0002022,0.0002022,0.0002022,0.0002022,0.0002022,0.0002022,0.0002022,0.0002022,0.0002022,0.0002022,0.0002022,0.0002022,N,Y,Y
D031331,N,R_28,N,N,417.0,1991-PRESENT,0.001,0.0016666670000000001,0.0006366669999999999,0.0002022,0.000166667,0.0002022,0.0002022,0.0002022,0.0002022,0.0002022,0.0002022,0.00033333300000000006,N,N,N
